user_id,track_id,distance,rating,distance_bin
96374895,1869698,0.8,5,[0.7-0.8)
96374895,418320,0.6666666666666667,1,[0.6-0.7)
96374895,5008759,0.6,5,[0.5-0.6)
96374895,5008779,0.8,5,[0.7-0.8)
96374895,5008772,0.4,5,[0.3-0.4)
96374895,440044,0.8,1,[0.7-0.8)
96374895,5008777,0.4,5,[0.3-0.4)
96374895,5008756,0.6,5,[0.5-0.6)
96374895,310770,0.6,1,[0.5-0.6)
96374895,5008765,0.6,5,[0.5-0.6)
96374895,5008796,0.8,1,[0.7-0.8)
96374895,5008827,0.6,1,[0.5-0.6)
96374895,310787,0.8,1,[0.7-0.8)
422303187,165248,0.8333333333333334,1,[0.8-0.9)
422303187,91562,0.8333333333333334,5,[0.8-0.9)
422303187,54645,0.8333333333333334,1,[0.8-0.9)
422303187,32290,0.8333333333333334,1,[0.8-0.9)
422303187,3453232,0.8333333333333334,1,[0.8-0.9)
422303187,432410,0.8333333333333334,1,[0.8-0.9)
422303187,115568,0.8333333333333334,5,[0.8-0.9)
422303187,54650,0.8333333333333334,1,[0.8-0.9)
422303187,524887,0.8333333333333334,1,[0.8-0.9)
422303187,21322,0.8333333333333334,1,[0.8-0.9)
422303187,1535949,0.8333333333333334,1,[0.8-0.9)
422303187,36478,0.6666666666666667,1,[0.6-0.7)
539231079,10617,0.9,1,[0.8-0.9)
539231079,46835,0.8,1,[0.7-0.8)
539231079,1525807,0.8,1,[0.7-0.8)
539231079,3195306,0.9,1,[0.8-0.9)
539231079,261099,0.8,1,[0.7-0.8)
539231079,205110,0.8,1,[0.7-0.8)
539231079,3195291,0.8,1,[0.7-0.8)
539231079,3195246,0.9,1,[0.8-0.9)
539231079,3195272,0.8,1,[0.7-0.8)
539231079,255104,0.9,1,[0.8-0.9)
863845052,187310,0.33333333333333337,1,[0.3-0.4)
863845052,246109,0.6666666666666667,1,[0.6-0.7)
863845052,815273,0.33333333333333337,1,[0.3-0.4)
863845052,89129,0.33333333333333337,1,[0.3-0.4)
863845052,178072,0.33333333333333337,1,[0.3-0.4)
863845052,4746473,0.6666666666666667,1,[0.6-0.7)
863845052,590195,0.6666666666666667,5,[0.6-0.7)
863845052,246110,0.6666666666666667,1,[0.6-0.7)
863845052,4746464,0.6666666666666667,1,[0.6-0.7)
863845052,2221522,0.33333333333333337,5,[0.3-0.4)
863845052,952241,0.6666666666666667,1,[0.6-0.7)
863845052,1792875,0.6666666666666667,1,[0.6-0.7)
863845052,815325,0.33333333333333337,1,[0.3-0.4)
863845052,4746532,0.6666666666666667,1,[0.6-0.7)
863845052,4746455,0.33333333333333337,1,[0.3-0.4)
863845052,993869,0.33333333333333337,1,[0.3-0.4)
710411145,453138,0.875,1,[0.8-0.9)
710411145,572391,0.875,1,[0.8-0.9)
710411145,6470,0.875,1,[0.8-0.9)
710411145,19385,0.75,1,[0.7-0.8)
710411145,19379,0.875,1,[0.8-0.9)
710411145,24681,0.75,1,[0.7-0.8)
710411145,500624,0.875,5,[0.8-0.9)
710411145,1089,0.75,1,[0.7-0.8)
710411145,22534,0.875,1,[0.8-0.9)
710411145,6436,0.875,1,[0.8-0.9)
710411145,70240,0.875,1,[0.8-0.9)
710411145,1116,0.875,1,[0.8-0.9)
710411145,19423,0.875,1,[0.8-0.9)
710411145,497199,0.875,1,[0.8-0.9)
710411145,19379,0.875,1,[0.8-0.9)
710411145,90533,0.875,1,[0.8-0.9)
710411145,7661,0.875,1,[0.8-0.9)
710411145,572391,0.875,1,[0.8-0.9)
710411145,3704,0.875,1,[0.8-0.9)
710411145,278211,0.875,1,[0.8-0.9)
710411145,427565,0.875,5,[0.8-0.9)
710411145,349843,0.875,1,[0.8-0.9)
710411145,349843,0.875,1,[0.8-0.9)
710411145,476750,0.875,1,[0.8-0.9)
710411145,24681,0.75,1,[0.7-0.8)
710411145,696,0.875,5,[0.8-0.9)
710411145,3703,0.875,5,[0.8-0.9)
710411145,427564,0.875,1,[0.8-0.9)
710411145,7798,0.875,1,[0.8-0.9)
710411145,427579,0.875,1,[0.8-0.9)
710411145,436879,0.875,1,[0.8-0.9)
710411145,33791,0.75,1,[0.7-0.8)
710411145,14163,0.875,1,[0.8-0.9)
710411145,482531,0.875,1,[0.8-0.9)
710411145,8782,0.875,5,[0.8-0.9)
710411145,7975,0.875,1,[0.8-0.9)
710411145,436969,0.875,1,[0.8-0.9)
710411145,58113,0.875,1,[0.8-0.9)
710411145,453071,0.875,5,[0.8-0.9)
298794986,1823971,0.6,1,[0.5-0.6)
298794986,15982,0.8,1,[0.7-0.8)
298794986,1181494,0.8,1,[0.7-0.8)
298794986,142900,0.6,1,[0.5-0.6)
298794986,222864,0.8,1,[0.7-0.8)
298794986,307404,0.8,1,[0.7-0.8)
298794986,36108,0.8,1,[0.7-0.8)
298794986,37206,0.6,1,[0.5-0.6)
298794986,59641,0.6,1,[0.5-0.6)
298794986,314375,0.6,1,[0.5-0.6)
298794986,62354,0.6,1,[0.5-0.6)
298794986,93088,0.6,1,[0.5-0.6)
186262923,210290,0.875,1,[0.8-0.9)
186262923,79705,0.75,1,[0.7-0.8)
186262923,55455,0.875,1,[0.8-0.9)
186262923,254,0.75,1,[0.7-0.8)
186262923,194238,0.875,1,[0.8-0.9)
186262923,45734,0.875,1,[0.8-0.9)
186262923,82347,0.875,1,[0.8-0.9)
186262923,111504,0.875,1,[0.8-0.9)
186262923,78708,0.875,1,[0.8-0.9)
186262923,37376,0.875,1,[0.8-0.9)
186262923,1249108,0.75,1,[0.7-0.8)
186262923,98568,0.625,1,[0.6-0.7)
186262923,13449,0.75,1,[0.7-0.8)
186262923,210258,0.875,1,[0.8-0.9)
186262923,210286,0.75,5,[0.7-0.8)
186262923,1249088,0.875,1,[0.8-0.9)
186262923,79118,0.875,1,[0.8-0.9)
186262923,210277,0.875,1,[0.8-0.9)
186262923,290,0.75,1,[0.7-0.8)
186262923,79705,0.75,1,[0.7-0.8)
186262923,9684,0.875,1,[0.8-0.9)
186262923,879,0.75,1,[0.7-0.8)
186262923,1249077,0.875,1,[0.8-0.9)
186262923,879,0.75,1,[0.7-0.8)
186262923,10115,0.75,1,[0.7-0.8)
186262923,915707,0.875,1,[0.8-0.9)
186262923,9645,0.875,1,[0.8-0.9)
186262923,55459,0.75,1,[0.7-0.8)
186262923,37407,0.875,1,[0.8-0.9)
186262923,210,0.875,1,[0.8-0.9)
633548506,4413,0.8571428571428572,1,[0.8-0.9)
633548506,231963,0.8571428571428572,1,[0.8-0.9)
633548506,15704,0.8571428571428572,1,[0.8-0.9)
633548506,77590,0.7142857142857143,1,[0.7-0.8)
633548506,3250278,0.5714285714285714,1,[0.5-0.6)
633548506,486650,0.8571428571428572,1,[0.8-0.9)
633548506,90609,0.8571428571428572,1,[0.8-0.9)
633548506,418569,0.8571428571428572,1,[0.8-0.9)
633548506,1613,0.8571428571428572,1,[0.8-0.9)
633548506,822,0.8571428571428572,1,[0.8-0.9)
633548506,15636,0.7142857142857143,5,[0.7-0.8)
633548506,186131,0.8571428571428572,1,[0.8-0.9)
633548506,48494,0.7142857142857143,1,[0.7-0.8)
633548506,2133,0.8571428571428572,1,[0.8-0.9)
172330443,148870,0.8571428571428572,1,[0.8-0.9)
172330443,11753,0.8571428571428572,1,[0.8-0.9)
172330443,2294,0.7142857142857143,1,[0.7-0.8)
172330443,26046,0.8571428571428572,1,[0.8-0.9)
172330443,49906,0.8571428571428572,1,[0.8-0.9)
172330443,501,0.8571428571428572,5,[0.8-0.9)
172330443,39419,0.7142857142857143,1,[0.7-0.8)
172330443,2456,0.8571428571428572,1,[0.8-0.9)
172330443,104821,0.8571428571428572,1,[0.8-0.9)
172330443,30082,0.8571428571428572,1,[0.8-0.9)
172330443,902198,0.7142857142857143,1,[0.7-0.8)
172330443,33032,0.7142857142857143,1,[0.7-0.8)
172330443,6346,0.7142857142857143,1,[0.7-0.8)
172330443,148795,0.7142857142857143,1,[0.7-0.8)
172330443,333313,0.8571428571428572,1,[0.8-0.9)
172330443,86241,0.8571428571428572,1,[0.8-0.9)
172330443,13395,0.75,1,[0.7-0.8)
49870731,1401,0.75,1,[0.7-0.8)
49870731,1371,0.75,1,[0.7-0.8)
49870731,341295,0.5,1,[0.4-0.5)
49870731,29173,0.75,1,[0.7-0.8)
49870731,6444,0.75,1,[0.7-0.8)
49870731,72319,0.75,5,[0.7-0.8)
49870731,29160,0.75,1,[0.7-0.8)
49870731,1419,0.75,1,[0.7-0.8)
49870731,7878,0.75,5,[0.7-0.8)
49870731,8570,0.75,1,[0.7-0.8)
49870731,8592,0.75,1,[0.7-0.8)
49870731,15020,0.75,1,[0.7-0.8)
49870731,21262,0.75,1,[0.7-0.8)
49870731,7852,0.75,1,[0.7-0.8)
49870731,1819588,0.75,1,[0.7-0.8)
372065813,239462,0.8571428571428572,1,[0.8-0.9)
372065813,239477,0.8571428571428572,1,[0.8-0.9)
372065813,239490,0.7142857142857143,1,[0.7-0.8)
372065813,9296,0.8571428571428572,1,[0.8-0.9)
372065813,239490,0.7142857142857143,1,[0.7-0.8)
372065813,239425,0.8571428571428572,5,[0.8-0.9)
372065813,239449,0.8571428571428572,1,[0.8-0.9)
372065813,239464,0.8571428571428572,1,[0.8-0.9)
372065813,239426,0.8571428571428572,5,[0.8-0.9)
372065813,239477,0.8571428571428572,1,[0.8-0.9)
372065813,239503,0.8571428571428572,1,[0.8-0.9)
372065813,3520,0.8571428571428572,1,[0.8-0.9)
372065813,3520,0.8571428571428572,1,[0.8-0.9)
372065813,2769,0.8571428571428572,1,[0.8-0.9)
372065813,239453,0.8571428571428572,1,[0.8-0.9)
372065813,69987,0.8571428571428572,1,[0.8-0.9)
283319415,1079381,0.5714285714285714,1,[0.5-0.6)
283319415,357139,0.8571428571428572,1,[0.8-0.9)
283319415,477578,0.7142857142857143,1,[0.7-0.8)
283319415,89068,0.8571428571428572,1,[0.8-0.9)
283319415,357139,0.8571428571428572,1,[0.8-0.9)
283319415,281211,0.8571428571428572,1,[0.8-0.9)
283319415,1079368,0.8571428571428572,1,[0.8-0.9)
283319415,21256,0.8571428571428572,1,[0.8-0.9)
283319415,13775,0.8571428571428572,1,[0.8-0.9)
283319415,391717,0.8571428571428572,1,[0.8-0.9)
283319415,160840,0.7142857142857143,5,[0.7-0.8)
283319415,1079330,0.8571428571428572,5,[0.8-0.9)
283319415,554065,0.8571428571428572,1,[0.8-0.9)
283319415,521451,0.8571428571428572,1,[0.8-0.9)
283319415,391717,0.8571428571428572,1,[0.8-0.9)
283319415,335295,0.7142857142857143,1,[0.7-0.8)
283319415,359643,0.8571428571428572,1,[0.8-0.9)
283319415,177012,0.8571428571428572,5,[0.8-0.9)
283319415,15018,0.8571428571428572,1,[0.8-0.9)
283319415,471555,0.8571428571428572,1,[0.8-0.9)
283319415,9429,0.8571428571428572,5,[0.8-0.9)
283319415,503813,0.8571428571428572,5,[0.8-0.9)
283319415,495254,0.8571428571428572,1,[0.8-0.9)
283319415,139224,0.8571428571428572,5,[0.8-0.9)
283319415,368546,0.7142857142857143,1,[0.7-0.8)
283319415,529862,0.7142857142857143,1,[0.7-0.8)
283319415,1079405,0.8571428571428572,1,[0.8-0.9)
283319415,39953,0.8571428571428572,5,[0.8-0.9)
283319415,359643,0.8571428571428572,1,[0.8-0.9)
283319415,93541,0.8571428571428572,1,[0.8-0.9)
283319415,14317,0.8571428571428572,5,[0.8-0.9)
283319415,529828,0.8571428571428572,5,[0.8-0.9)
283319415,1079330,0.8571428571428572,5,[0.8-0.9)
977970559,2219,0.8,1,[0.7-0.8)
977970559,144684,0.6,1,[0.5-0.6)
977970559,65246,0.8,1,[0.7-0.8)
977970559,507692,0.8,1,[0.7-0.8)
977970559,312386,0.8,1,[0.7-0.8)
977970559,8499,0.6,1,[0.5-0.6)
977970559,1356,0.8,1,[0.7-0.8)
977970559,13317,0.8,1,[0.7-0.8)
977970559,1036877,0.8,1,[0.7-0.8)
977970559,6484,0.8,1,[0.7-0.8)
977970559,1367,0.8,1,[0.7-0.8)
977970559,8505,0.6,1,[0.5-0.6)
977970559,6523,0.8,1,[0.7-0.8)
977970559,64428,0.8,1,[0.7-0.8)
977970559,8046,0.8,1,[0.7-0.8)
977970559,312438,0.8,1,[0.7-0.8)
409547153,3071513,0.8571428571428572,1,[0.8-0.9)
409547153,326673,0.8571428571428572,1,[0.8-0.9)
409547153,3071500,0.8571428571428572,1,[0.8-0.9)
409547153,551526,0.8571428571428572,1,[0.8-0.9)
409547153,463671,0.8571428571428572,1,[0.8-0.9)
409547153,3071570,0.8571428571428572,1,[0.8-0.9)
409547153,2858,0.5714285714285714,1,[0.5-0.6)
409547153,647,0.8571428571428572,1,[0.8-0.9)
409547153,173219,0.8571428571428572,1,[0.8-0.9)
409547153,2850,0.7142857142857143,1,[0.7-0.8)
409547153,446337,0.8571428571428572,1,[0.8-0.9)
409547153,24822,0.8571428571428572,1,[0.8-0.9)
409547153,3071561,0.8571428571428572,1,[0.8-0.9)
759509068,510869,0.8571428571428572,1,[0.8-0.9)
759509068,905712,0.8571428571428572,1,[0.8-0.9)
759509068,27313,0.8571428571428572,1,[0.8-0.9)
759509068,3659352,0.8571428571428572,1,[0.8-0.9)
759509068,23432,0.8571428571428572,1,[0.8-0.9)
759509068,869186,0.8571428571428572,1,[0.8-0.9)
759509068,64003,0.8571428571428572,1,[0.8-0.9)
759509068,25723,0.8571428571428572,1,[0.8-0.9)
759509068,3659393,0.8571428571428572,1,[0.8-0.9)
759509068,27292,0.8571428571428572,1,[0.8-0.9)
759509068,6488,0.8571428571428572,1,[0.8-0.9)
759509068,3659402,0.8571428571428572,1,[0.8-0.9)
759509068,510953,0.8571428571428572,1,[0.8-0.9)
169576580,165016,0.875,1,[0.8-0.9)
169576580,69442,0.875,1,[0.8-0.9)
169576580,114223,0.75,1,[0.7-0.8)
169576580,164969,0.875,1,[0.8-0.9)
169576580,165025,0.875,1,[0.8-0.9)
169576580,164992,0.875,1,[0.8-0.9)
169576580,165035,0.875,1,[0.8-0.9)
169576580,165026,0.875,1,[0.8-0.9)
169576580,165003,0.75,1,[0.7-0.8)
169576580,164961,0.875,1,[0.8-0.9)
169576580,165039,0.875,1,[0.8-0.9)
169576580,70200,0.875,1,[0.8-0.9)
169576580,65793,0.75,1,[0.7-0.8)
169576580,164955,0.875,1,[0.8-0.9)
169576580,164996,0.875,1,[0.8-0.9)
169576580,165005,0.875,1,[0.8-0.9)
169576580,164975,0.875,1,[0.8-0.9)
169576580,164944,0.875,5,[0.8-0.9)
169576580,65793,0.75,1,[0.7-0.8)
169576580,9523,0.875,1,[0.8-0.9)
169576580,164963,0.875,1,[0.8-0.9)
169576580,164962,0.875,1,[0.8-0.9)
169576580,164999,0.875,1,[0.8-0.9)
169576580,164996,0.875,1,[0.8-0.9)
169576580,164975,0.875,1,[0.8-0.9)
169576580,70339,0.625,1,[0.6-0.7)
169576580,3438,0.875,1,[0.8-0.9)
169576580,89208,0.875,5,[0.8-0.9)
169576580,164995,0.875,1,[0.8-0.9)
169576580,165005,0.875,1,[0.8-0.9)
169576580,165043,0.875,1,[0.8-0.9)
169576580,165037,0.875,1,[0.8-0.9)
169576580,165025,0.875,1,[0.8-0.9)
169576580,165033,0.875,1,[0.8-0.9)
169576580,164986,0.875,1,[0.8-0.9)
169576580,164976,0.875,1,[0.8-0.9)
169576580,80084,0.625,1,[0.6-0.7)
169576580,164947,0.875,5,[0.8-0.9)
169576580,164954,0.875,1,[0.8-0.9)
169576580,165040,0.875,1,[0.8-0.9)
169576580,164953,0.875,1,[0.8-0.9)
169576580,164944,0.875,5,[0.8-0.9)
169576580,758,0.875,1,[0.8-0.9)
169576580,65793,0.75,1,[0.7-0.8)
169576580,4413,0.875,1,[0.8-0.9)
169576580,7942,0.875,1,[0.8-0.9)
169576580,164954,0.875,1,[0.8-0.9)
169576580,165039,0.875,1,[0.8-0.9)
169576580,28374,0.75,1,[0.7-0.8)
169576580,164955,0.875,1,[0.8-0.9)
169576580,165017,0.875,1,[0.8-0.9)
169576580,164995,0.875,1,[0.8-0.9)
169576580,165028,0.875,1,[0.8-0.9)
169576580,165032,0.875,1,[0.8-0.9)
169576580,165021,0.875,1,[0.8-0.9)
169576580,165033,0.875,1,[0.8-0.9)
169576580,165002,0.875,1,[0.8-0.9)
169576580,921,0.875,1,[0.8-0.9)
169576580,164970,0.875,1,[0.8-0.9)
169576580,165015,0.875,1,[0.8-0.9)
169576580,165040,0.875,1,[0.8-0.9)
169576580,164954,0.875,1,[0.8-0.9)
169576580,164954,0.875,1,[0.8-0.9)
169576580,383,0.875,1,[0.8-0.9)
169576580,165006,0.875,1,[0.8-0.9)
169576580,165004,0.875,1,[0.8-0.9)
169576580,165004,0.875,1,[0.8-0.9)
48999496,1252063,0.8888888888888888,1,[0.8-0.9)
48999496,100568,0.6666666666666667,1,[0.6-0.7)
48999496,2029179,0.7777777777777778,1,[0.7-0.8)
48999496,17845,0.8888888888888888,1,[0.8-0.9)
48999496,90025,0.6666666666666667,1,[0.6-0.7)
48999496,3149,0.8888888888888888,1,[0.8-0.9)
48999496,3149,0.8888888888888888,1,[0.8-0.9)
48999496,396353,0.8888888888888888,1,[0.8-0.9)
48999496,1681,0.8888888888888888,1,[0.8-0.9)
48999496,6327,0.8888888888888888,1,[0.8-0.9)
48999496,1374185,0.8888888888888888,1,[0.8-0.9)
48999496,22344,0.8888888888888888,1,[0.8-0.9)
48999496,6327,0.8888888888888888,1,[0.8-0.9)
48999496,51679,0.8888888888888888,1,[0.8-0.9)
48999496,24757,0.7777777777777778,1,[0.7-0.8)
48999496,2029142,0.8888888888888888,1,[0.8-0.9)
48999496,356836,0.7777777777777778,1,[0.7-0.8)
48999496,2029142,0.8888888888888888,1,[0.8-0.9)
48999496,2029124,0.8888888888888888,1,[0.8-0.9)
48999496,1464851,0.7777777777777778,1,[0.7-0.8)
48999496,1506979,0.8888888888888888,5,[0.8-0.9)
941182925,408817,0.9,1,[0.8-0.9)
941182925,185182,0.8,1,[0.7-0.8)
941182925,487659,0.8,1,[0.7-0.8)
941182925,5465345,0.9,1,[0.8-0.9)
941182925,5143680,0.9,1,[0.8-0.9)
941182925,5465267,0.9,1,[0.8-0.9)
941182925,509508,0.9,1,[0.8-0.9)
941182925,707493,0.8,1,[0.7-0.8)
941182925,570455,0.9,1,[0.8-0.9)
941182925,602355,0.9,1,[0.8-0.9)
426652499,4285148,0.75,1,[0.7-0.8)
426652499,174225,0.75,1,[0.7-0.8)
426652499,1001,0.5,1,[0.4-0.5)
426652499,393147,0.75,1,[0.7-0.8)
426652499,5042563,0.5,1,[0.4-0.5)
426652499,1414879,0.75,1,[0.7-0.8)
426652499,6565,0.75,5,[0.7-0.8)
426652499,617979,0.75,1,[0.7-0.8)
426652499,5374204,0.75,1,[0.7-0.8)
426652499,14934,0.75,5,[0.7-0.8)
426652499,13284,0.75,1,[0.7-0.8)
426652499,104869,0.75,1,[0.7-0.8)
426652499,1513751,0.75,1,[0.7-0.8)
426652499,13243,0.75,1,[0.7-0.8)
426652499,92655,0.75,1,[0.7-0.8)
909782215,946518,0.75,1,[0.7-0.8)
909782215,2594167,0.75,1,[0.7-0.8)
909782215,71172,0.5,1,[0.4-0.5)
909782215,2594115,0.75,1,[0.7-0.8)
909782215,2594110,0.75,1,[0.7-0.8)
909782215,629183,0.5,1,[0.4-0.5)
909782215,2594112,0.75,1,[0.7-0.8)
909782215,2594097,0.75,1,[0.7-0.8)
909782215,140186,0.75,1,[0.7-0.8)
909782215,596785,0.75,1,[0.7-0.8)
909782215,179860,0.75,1,[0.7-0.8)
909782215,940,0.75,1,[0.7-0.8)
909782215,179847,0.75,1,[0.7-0.8)
778608102,388513,0.875,1,[0.8-0.9)
778608102,132832,0.75,1,[0.7-0.8)
778608102,792036,0.875,1,[0.8-0.9)
778608102,336132,0.875,1,[0.8-0.9)
778608102,46807,0.875,1,[0.8-0.9)
778608102,482264,0.75,5,[0.7-0.8)
778608102,579402,0.875,1,[0.8-0.9)
778608102,1807901,0.75,1,[0.7-0.8)
778608102,453245,0.875,5,[0.8-0.9)
778608102,1754309,0.875,1,[0.8-0.9)
778608102,1807929,0.875,1,[0.8-0.9)
778608102,1618,0.75,1,[0.7-0.8)
778608102,1807902,0.625,1,[0.6-0.7)
778608102,1807949,0.875,1,[0.8-0.9)
778608102,3909,0.875,5,[0.8-0.9)
778608102,1807901,0.75,1,[0.7-0.8)
778608102,660653,0.875,1,[0.8-0.9)
778608102,985780,0.5,1,[0.4-0.5)
778608102,365438,0.75,1,[0.7-0.8)
778608102,376484,0.5,1,[0.4-0.5)
778608102,884973,0.75,1,[0.7-0.8)
778608102,179543,0.75,5,[0.7-0.8)
778608102,588350,0.75,1,[0.7-0.8)
778608102,334896,0.75,1,[0.7-0.8)
778608102,388528,0.875,1,[0.8-0.9)
778608102,132832,0.75,1,[0.7-0.8)
627696044,991,0.8333333333333334,1,[0.8-0.9)
627696044,1004916,0.9166666666666666,1,[0.9-1.0]
627696044,1203252,0.9166666666666666,1,[0.9-1.0]
627696044,1358,0.9166666666666666,1,[0.9-1.0]
627696044,1371,0.9166666666666666,1,[0.9-1.0]
627696044,2947651,0.8333333333333334,1,[0.8-0.9)
627696044,1058016,0.8333333333333334,5,[0.8-0.9)
627696044,161759,0.8333333333333334,1,[0.8-0.9)
627696044,523,0.9166666666666666,1,[0.9-1.0]
627696044,781750,0.8333333333333334,5,[0.8-0.9)
627696044,1212363,0.9166666666666666,1,[0.9-1.0]
627696044,266148,0.8333333333333334,1,[0.8-0.9)
627696044,2947685,0.9166666666666666,1,[0.9-1.0]
627696044,32588,0.8333333333333334,1,[0.8-0.9)
627696044,98531,0.9166666666666666,1,[0.9-1.0]
627696044,30115,0.8333333333333334,1,[0.8-0.9)
41817295,415207,0.75,1,[0.7-0.8)
41817295,778661,0.75,1,[0.7-0.8)
41817295,859178,0.75,1,[0.7-0.8)
41817295,415207,0.75,1,[0.7-0.8)
41817295,1396585,0.75,1,[0.7-0.8)
41817295,1495989,0.75,1,[0.7-0.8)
41817295,8575,0.75,1,[0.7-0.8)
41817295,6484,0.75,1,[0.7-0.8)
41817295,1495987,0.75,1,[0.7-0.8)
41817295,32218,0.75,5,[0.7-0.8)
41817295,142927,0.75,1,[0.7-0.8)
41817295,2644,0.75,1,[0.7-0.8)
41817295,131087,0.5,1,[0.4-0.5)
41817295,468394,0.5,1,[0.4-0.5)
41817295,958,0.75,1,[0.7-0.8)
41817295,443943,0.5,1,[0.4-0.5)
41817295,443964,0.5,5,[0.4-0.5)
41817295,62654,0.75,1,[0.7-0.8)
41817295,1345692,0.75,1,[0.7-0.8)
41817295,1495987,0.75,1,[0.7-0.8)
41817295,142927,0.75,1,[0.7-0.8)
41817295,925384,0.5,5,[0.4-0.5)
41817295,1495972,0.5,1,[0.4-0.5)
41817295,19549,0.75,5,[0.7-0.8)
41817295,186684,0.75,1,[0.7-0.8)
41817295,127351,0.75,1,[0.7-0.8)
41817295,1135312,0.75,1,[0.7-0.8)
41817295,673480,0.75,1,[0.7-0.8)
41817295,282858,0.5,1,[0.4-0.5)
41817295,2664,0.75,1,[0.7-0.8)
41817295,1365992,0.5,5,[0.4-0.5)
41817295,62691,0.75,5,[0.7-0.8)
41817295,673480,0.75,1,[0.7-0.8)
28569729,8769,0.875,1,[0.8-0.9)
28569729,22502,0.875,1,[0.8-0.9)
28569729,42769,0.75,1,[0.7-0.8)
28569729,22513,0.875,1,[0.8-0.9)
28569729,18143,0.875,1,[0.8-0.9)
28569729,142923,0.75,1,[0.7-0.8)
28569729,8287,0.75,1,[0.7-0.8)
28569729,8780,0.875,1,[0.8-0.9)
28569729,346309,0.875,1,[0.8-0.9)
28569729,1404,0.875,1,[0.8-0.9)
28569729,6448,0.875,1,[0.8-0.9)
28569729,612624,0.875,1,[0.8-0.9)
28569729,210653,0.875,1,[0.8-0.9)
28569729,1099,0.875,1,[0.8-0.9)
28569729,3685,0.75,1,[0.7-0.8)
28569729,3685,0.75,1,[0.7-0.8)
28569729,334906,0.75,1,[0.7-0.8)
28569729,10644,0.875,1,[0.8-0.9)
28569729,22515,0.875,5,[0.8-0.9)
28569729,1112,0.875,1,[0.8-0.9)
28569729,3171,0.875,1,[0.8-0.9)
28569729,3180,0.875,1,[0.8-0.9)
28569729,1101,0.875,1,[0.8-0.9)
28569729,42715,0.875,5,[0.8-0.9)
28569729,18140,0.875,5,[0.8-0.9)
28569729,612624,0.875,1,[0.8-0.9)
28569729,487024,0.75,1,[0.7-0.8)
28569729,612683,0.75,1,[0.7-0.8)
28569729,971,0.75,1,[0.7-0.8)
28569729,1588,0.875,1,[0.8-0.9)
28569729,612623,0.75,1,[0.7-0.8)
28569729,612679,0.75,1,[0.7-0.8)
28569729,612626,0.75,1,[0.7-0.8)
28569729,8771,0.875,1,[0.8-0.9)
28569729,69768,0.75,5,[0.7-0.8)
28569729,8812,0.875,1,[0.8-0.9)
28569729,612612,0.75,5,[0.7-0.8)
511640513,690997,0.8,1,[0.7-0.8)
511640513,337199,0.6,1,[0.5-0.6)
511640513,337161,0.6,1,[0.5-0.6)
511640513,4750387,0.8,1,[0.7-0.8)
511640513,862170,0.19999999999999996,5,[0.1-0.2)
511640513,3320138,0.4,1,[0.3-0.4)
511640513,273549,0.6,1,[0.5-0.6)
511640513,603467,0.8,5,[0.7-0.8)
511640513,440632,0.8,1,[0.7-0.8)
511640513,337190,0.4,1,[0.3-0.4)
511640513,4750447,0.8,1,[0.7-0.8)
511640513,4750432,0.6,1,[0.5-0.6)
511640513,337148,0.4,1,[0.3-0.4)
511640513,4750440,0.6,1,[0.5-0.6)
511640513,4750377,0.8,1,[0.7-0.8)
511640513,4750418,0.8,1,[0.7-0.8)
511640513,4750429,0.6,1,[0.5-0.6)
511640513,15920,0.6,1,[0.5-0.6)
511640513,337152,0.6,1,[0.5-0.6)
511640513,4750409,0.8,1,[0.7-0.8)
96192798,15711,0.8571428571428572,1,[0.8-0.9)
96192798,155486,0.7142857142857143,1,[0.7-0.8)
96192798,71318,0.7142857142857143,1,[0.7-0.8)
96192798,18767,0.8571428571428572,1,[0.8-0.9)
96192798,9429,0.8571428571428572,1,[0.8-0.9)
96192798,110586,0.7142857142857143,5,[0.7-0.8)
96192798,2507754,1.0,1,[0.9-1.0]
96192798,15000,0.7142857142857143,1,[0.7-0.8)
96192798,46732,0.7142857142857143,5,[0.7-0.8)
96192798,6432,0.8571428571428572,1,[0.8-0.9)
96192798,96781,0.7142857142857143,1,[0.7-0.8)
96192798,259252,0.7142857142857143,1,[0.7-0.8)
96192798,29095,0.7142857142857143,1,[0.7-0.8)
96192798,21215,0.7142857142857143,1,[0.7-0.8)
842919195,937090,0.8888888888888888,1,[0.8-0.9)
842919195,561911,0.8888888888888888,1,[0.8-0.9)
842919195,876709,0.8888888888888888,1,[0.8-0.9)
842919195,561884,0.8888888888888888,1,[0.8-0.9)
842919195,2073053,0.7777777777777778,1,[0.7-0.8)
842919195,360008,0.7777777777777778,1,[0.7-0.8)
842919195,592413,0.8888888888888888,1,[0.8-0.9)
842919195,994708,0.8888888888888888,5,[0.8-0.9)
842919195,2073085,0.6666666666666667,1,[0.6-0.7)
842919195,2073042,0.8888888888888888,1,[0.8-0.9)
842919195,561828,0.8888888888888888,5,[0.8-0.9)
842919195,189390,0.8888888888888888,1,[0.8-0.9)
842919195,2073065,0.6666666666666667,1,[0.6-0.7)
842919195,604818,0.8888888888888888,1,[0.8-0.9)
842919195,88859,0.8888888888888888,1,[0.8-0.9)
842919195,2073038,0.8888888888888888,1,[0.8-0.9)
842919195,426496,0.8888888888888888,1,[0.8-0.9)
842919195,413130,0.8888888888888888,1,[0.8-0.9)
842919195,9337,0.8888888888888888,1,[0.8-0.9)
842919195,994698,0.8888888888888888,1,[0.8-0.9)
842919195,937268,0.8888888888888888,1,[0.8-0.9)
842919195,426513,0.8888888888888888,1,[0.8-0.9)
842919195,2073041,0.8888888888888888,1,[0.8-0.9)
842919195,2073009,0.8888888888888888,5,[0.8-0.9)
842919195,220807,0.8888888888888888,1,[0.8-0.9)
842919195,994698,0.8888888888888888,1,[0.8-0.9)
842919195,7695,0.8888888888888888,1,[0.8-0.9)
842919195,1012366,0.8888888888888888,1,[0.8-0.9)
658501226,396090,0.875,1,[0.8-0.9)
658501226,347141,0.75,1,[0.7-0.8)
658501226,35140,0.625,1,[0.6-0.7)
658501226,396090,0.875,1,[0.8-0.9)
658501226,22042,0.875,1,[0.8-0.9)
658501226,193141,0.875,1,[0.8-0.9)
658501226,8782,0.875,1,[0.8-0.9)
658501226,6346,0.75,1,[0.7-0.8)
658501226,13623,0.875,1,[0.8-0.9)
658501226,396029,0.75,5,[0.7-0.8)
658501226,396047,0.875,1,[0.8-0.9)
658501226,105780,0.875,1,[0.8-0.9)
658501226,396117,0.75,1,[0.7-0.8)
658501226,14581,0.75,1,[0.7-0.8)
658501226,396067,0.875,1,[0.8-0.9)
658501226,396113,0.75,1,[0.7-0.8)
658501226,7340,0.75,5,[0.7-0.8)
658501226,186821,0.875,1,[0.8-0.9)
658501226,1133,0.875,1,[0.8-0.9)
658501226,396080,0.875,1,[0.8-0.9)
658501226,1089,0.75,1,[0.7-0.8)
658501226,26987,0.875,1,[0.8-0.9)
658501226,11806,0.875,1,[0.8-0.9)
658501226,30614,0.75,1,[0.7-0.8)
658501226,51688,0.75,5,[0.7-0.8)
658501226,39419,0.75,1,[0.7-0.8)
658501226,396069,0.875,1,[0.8-0.9)
658501226,28714,0.875,1,[0.8-0.9)
658501226,26987,0.875,1,[0.8-0.9)
658501226,396111,0.875,1,[0.8-0.9)
658501226,105787,0.875,1,[0.8-0.9)
658501226,14386,0.75,1,[0.7-0.8)
658501226,418,0.875,1,[0.8-0.9)
658501226,66,0.75,1,[0.7-0.8)
189648156,2766833,0.7,1,[0.6-0.7)
189648156,17353,0.9,1,[0.8-0.9)
189648156,65246,0.9,1,[0.8-0.9)
189648156,9525,0.9,1,[0.8-0.9)
189648156,68933,0.7,1,[0.6-0.7)
189648156,2766774,0.8,5,[0.7-0.8)
189648156,9510,0.9,1,[0.8-0.9)
189648156,9515,0.9,1,[0.8-0.9)
189648156,1931676,0.9,5,[0.8-0.9)
189648156,16322,0.9,1,[0.8-0.9)
189648156,557742,0.8,1,[0.7-0.8)
189648156,2766849,0.7,1,[0.6-0.7)
189648156,358931,0.8,1,[0.7-0.8)
189648156,4018,0.9,1,[0.8-0.9)
189648156,2766793,0.9,1,[0.8-0.9)
189648156,391951,0.9,1,[0.8-0.9)
189648156,108915,0.9,1,[0.8-0.9)
189648156,2766787,0.8,1,[0.7-0.8)
189648156,576335,0.8,1,[0.7-0.8)
189648156,83362,0.7,1,[0.6-0.7)
172150501,2885,0.7142857142857143,1,[0.7-0.8)
172150501,1333,0.8571428571428572,1,[0.8-0.9)
172150501,193714,0.7142857142857143,1,[0.7-0.8)
172150501,5380862,0.8571428571428572,1,[0.8-0.9)
172150501,7852,0.8571428571428572,1,[0.8-0.9)
172150501,513644,0.7142857142857143,1,[0.7-0.8)
172150501,3139485,0.8571428571428572,1,[0.8-0.9)
172150501,114425,0.8571428571428572,1,[0.8-0.9)
172150501,14985,0.8571428571428572,1,[0.8-0.9)
172150501,1371,0.8571428571428572,1,[0.8-0.9)
172150501,82460,0.8571428571428572,1,[0.8-0.9)
172150501,1150572,0.7142857142857143,1,[0.7-0.8)
172150501,15020,0.8571428571428572,1,[0.8-0.9)
172150501,58601,0.8571428571428572,1,[0.8-0.9)
679584466,1356,0.8333333333333334,1,[0.8-0.9)
679584466,1593392,0.6666666666666667,1,[0.6-0.7)
679584466,471308,0.6666666666666667,1,[0.6-0.7)
679584466,471293,0.8333333333333334,1,[0.8-0.9)
679584466,3134,0.8333333333333334,1,[0.8-0.9)
679584466,789761,0.8333333333333334,1,[0.8-0.9)
679584466,139232,0.5,1,[0.4-0.5)
679584466,89021,0.6666666666666667,1,[0.6-0.7)
679584466,3433847,0.6666666666666667,1,[0.6-0.7)
679584466,1141406,0.8333333333333334,1,[0.8-0.9)
679584466,7881,0.8333333333333334,1,[0.8-0.9)
410758876,569340,0.8,1,[0.7-0.8)
410758876,6044,0.6,1,[0.5-0.6)
410758876,569370,0.6,1,[0.5-0.6)
410758876,569279,0.8,5,[0.7-0.8)
410758876,491237,0.8,1,[0.7-0.8)
410758876,569316,0.6,1,[0.5-0.6)
410758876,186759,0.8,5,[0.7-0.8)
410758876,565808,0.8,1,[0.7-0.8)
410758876,569350,0.6,1,[0.5-0.6)
410758876,569346,0.8,1,[0.7-0.8)
410758876,491187,0.8,1,[0.7-0.8)
410758876,569361,0.8,1,[0.7-0.8)
410758876,569305,0.8,1,[0.7-0.8)
410758876,569323,0.8,1,[0.7-0.8)
410758876,569317,0.6,1,[0.5-0.6)
410758876,569374,0.8,1,[0.7-0.8)
410758876,529349,0.8,1,[0.7-0.8)
410758876,1702,0.6,5,[0.5-0.6)
410758876,569301,0.8,1,[0.7-0.8)
410758876,520868,0.8,1,[0.7-0.8)
410758876,569305,0.8,1,[0.7-0.8)
410758876,569333,0.8,1,[0.7-0.8)
410758876,450319,0.8,1,[0.7-0.8)
410758876,569349,0.6,1,[0.5-0.6)
147811519,4475,0.875,1,[0.8-0.9)
147811519,89930,0.875,1,[0.8-0.9)
147811519,10179,0.75,1,[0.7-0.8)
147811519,64428,0.875,1,[0.8-0.9)
147811519,3063254,0.875,1,[0.8-0.9)
147811519,17358,0.875,1,[0.8-0.9)
147811519,58594,0.875,5,[0.8-0.9)
147811519,2589154,0.875,1,[0.8-0.9)
147811519,10203,0.875,1,[0.8-0.9)
147811519,385937,0.75,5,[0.7-0.8)
147811519,1390,0.875,1,[0.8-0.9)
147811519,1356,0.875,1,[0.8-0.9)
147811519,75266,0.75,1,[0.7-0.8)
147811519,83370,0.875,1,[0.8-0.9)
147811519,1371,0.875,1,[0.8-0.9)
894768926,3909,0.875,1,[0.8-0.9)
894768926,360258,0.875,1,[0.8-0.9)
894768926,29179,0.875,5,[0.8-0.9)
894768926,60713,0.75,1,[0.7-0.8)
894768926,950049,0.875,1,[0.8-0.9)
894768926,3034995,0.75,1,[0.7-0.8)
894768926,3034922,0.75,1,[0.7-0.8)
894768926,1801064,0.875,5,[0.8-0.9)
894768926,52993,0.75,1,[0.7-0.8)
894768926,458021,0.875,1,[0.8-0.9)
894768926,3034934,0.75,1,[0.7-0.8)
894768926,627595,0.875,1,[0.8-0.9)
894768926,163752,0.875,1,[0.8-0.9)
900829284,110725,0.8888888888888888,1,[0.8-0.9)
900829284,62326,0.8888888888888888,1,[0.8-0.9)
900829284,48705,0.7777777777777778,1,[0.7-0.8)
900829284,1941056,0.7777777777777778,1,[0.7-0.8)
900829284,59713,0.8888888888888888,1,[0.8-0.9)
900829284,294676,0.8888888888888888,1,[0.8-0.9)
900829284,570856,0.8888888888888888,1,[0.8-0.9)
900829284,472287,0.7777777777777778,1,[0.7-0.8)
900829284,2174135,0.8888888888888888,1,[0.8-0.9)
900829284,19005,0.8888888888888888,1,[0.8-0.9)
900829284,1358,0.8888888888888888,1,[0.8-0.9)
900829284,628547,0.7777777777777778,1,[0.7-0.8)
900829284,82624,0.6666666666666667,1,[0.6-0.7)
900829284,2174138,0.8888888888888888,1,[0.8-0.9)
900829284,48705,0.7777777777777778,1,[0.7-0.8)
900829284,186822,0.7777777777777778,1,[0.7-0.8)
900829284,10337,0.8888888888888888,5,[0.8-0.9)
900829284,2225,0.8888888888888888,1,[0.8-0.9)
900829284,2225,0.8888888888888888,1,[0.8-0.9)
900829284,40813,0.7777777777777778,1,[0.7-0.8)
900829284,1358,0.8888888888888888,1,[0.8-0.9)
900829284,2174125,0.8888888888888888,1,[0.8-0.9)
900829284,14536,0.8888888888888888,1,[0.8-0.9)
900829284,2174165,0.8888888888888888,1,[0.8-0.9)
900829284,158491,0.7777777777777778,1,[0.7-0.8)
900829284,2174173,0.7777777777777778,1,[0.7-0.8)
900829284,342044,0.7777777777777778,1,[0.7-0.8)
900829284,509520,0.7777777777777778,1,[0.7-0.8)
900829284,501057,0.7777777777777778,1,[0.7-0.8)
900829284,487275,0.7777777777777778,1,[0.7-0.8)
900829284,487275,0.7777777777777778,1,[0.7-0.8)
900829284,92697,0.7777777777777778,1,[0.7-0.8)
467496832,133216,0.8571428571428572,1,[0.8-0.9)
467496832,2563327,0.8571428571428572,1,[0.8-0.9)
467496832,4176181,0.8571428571428572,1,[0.8-0.9)
467496832,865567,0.8571428571428572,1,[0.8-0.9)
467496832,506583,0.8571428571428572,1,[0.8-0.9)
467496832,5529,0.8571428571428572,1,[0.8-0.9)
467496832,105461,0.8571428571428572,1,[0.8-0.9)
467496832,6130,0.8571428571428572,1,[0.8-0.9)
467496832,75993,0.8571428571428572,1,[0.8-0.9)
467496832,17380,0.7142857142857143,1,[0.7-0.8)
467496832,173219,0.8571428571428572,1,[0.8-0.9)
467496832,43564,0.8571428571428572,1,[0.8-0.9)
467496832,74703,0.8571428571428572,1,[0.8-0.9)
467496832,1564266,0.8571428571428572,1,[0.8-0.9)
467496832,4176127,0.7142857142857143,1,[0.7-0.8)
467496832,1334,0.8571428571428572,1,[0.8-0.9)
212103604,581290,0.8333333333333334,1,[0.8-0.9)
212103604,863817,0.8333333333333334,5,[0.8-0.9)
212103604,982587,0.8333333333333334,1,[0.8-0.9)
212103604,417871,0.6666666666666667,1,[0.6-0.7)
212103604,72343,0.8333333333333334,1,[0.8-0.9)
212103604,982586,0.8333333333333334,1,[0.8-0.9)
212103604,528890,0.8333333333333334,1,[0.8-0.9)
212103604,982575,0.8333333333333334,1,[0.8-0.9)
212103604,555526,0.8333333333333334,5,[0.8-0.9)
212103604,14578,0.8333333333333334,1,[0.8-0.9)
212103604,90133,0.8333333333333334,1,[0.8-0.9)
212103604,39911,0.8333333333333334,1,[0.8-0.9)
212103604,982580,0.8333333333333334,1,[0.8-0.9)
212103604,559541,0.6666666666666667,1,[0.6-0.7)
212103604,315970,0.8333333333333334,1,[0.8-0.9)
212103604,39921,0.8333333333333334,5,[0.8-0.9)
212103604,363823,0.8333333333333334,1,[0.8-0.9)
212103604,982590,0.6666666666666667,1,[0.6-0.7)
212103604,982544,0.8333333333333334,1,[0.8-0.9)
212103604,39922,0.6666666666666667,1,[0.6-0.7)
212103604,982564,0.8333333333333334,1,[0.8-0.9)
212103604,16375,0.8333333333333334,5,[0.8-0.9)
212103604,90127,0.8333333333333334,1,[0.8-0.9)
212103604,567634,0.8333333333333334,1,[0.8-0.9)
212103604,442023,0.6666666666666667,1,[0.6-0.7)
212103604,982534,0.8333333333333334,1,[0.8-0.9)
212103604,14560,0.8333333333333334,1,[0.8-0.9)
212103604,961634,0.6666666666666667,1,[0.6-0.7)
212103604,528890,0.8333333333333334,1,[0.8-0.9)
212103604,290282,0.8333333333333334,1,[0.8-0.9)
212103604,982543,0.8333333333333334,1,[0.8-0.9)
630692065,35836,0.8571428571428572,1,[0.8-0.9)
630692065,180757,0.8571428571428572,1,[0.8-0.9)
630692065,183040,0.8571428571428572,1,[0.8-0.9)
630692065,16450,0.8571428571428572,1,[0.8-0.9)
630692065,28090,0.5714285714285714,1,[0.5-0.6)
630692065,9792,0.8571428571428572,1,[0.8-0.9)
630692065,238415,0.7142857142857143,1,[0.7-0.8)
630692065,2263348,0.875,1,[0.8-0.9)
630692065,122087,0.8571428571428572,1,[0.8-0.9)
630692065,88722,0.8571428571428572,1,[0.8-0.9)
630692065,1564,0.8571428571428572,1,[0.8-0.9)
630692065,2487338,0.7142857142857143,1,[0.7-0.8)
630692065,620353,0.8571428571428572,1,[0.8-0.9)
630692065,82487,0.8571428571428572,1,[0.8-0.9)
230502665,993,0.6666666666666667,1,[0.6-0.7)
230502665,1056,0.8333333333333334,1,[0.8-0.9)
230502665,1174,0.8333333333333334,1,[0.8-0.9)
230502665,597587,0.6666666666666667,1,[0.6-0.7)
230502665,8082,0.6666666666666667,1,[0.6-0.7)
230502665,5180,0.8333333333333334,1,[0.8-0.9)
230502665,117380,0.8333333333333334,1,[0.8-0.9)
230502665,746,0.8333333333333334,1,[0.8-0.9)
230502665,18693,0.8333333333333334,1,[0.8-0.9)
230502665,1379,0.8333333333333334,1,[0.8-0.9)
230502665,5953,0.8333333333333334,1,[0.8-0.9)
230502665,5332,0.8333333333333334,1,[0.8-0.9)
230502665,347541,0.8333333333333334,1,[0.8-0.9)
230502665,1379,0.8333333333333334,1,[0.8-0.9)
230502665,84,0.8333333333333334,1,[0.8-0.9)
230502665,4611,0.5,1,[0.4-0.5)
230502665,597526,0.5,1,[0.4-0.5)
278550329,6373,0.8571428571428572,1,[0.8-0.9)
278550329,356139,0.5714285714285714,1,[0.5-0.6)
278550329,4772,0.8571428571428572,1,[0.8-0.9)
278550329,268621,0.8571428571428572,1,[0.8-0.9)
278550329,943714,0.8571428571428572,1,[0.8-0.9)
278550329,56033,0.7142857142857143,1,[0.7-0.8)
278550329,525263,0.8571428571428572,1,[0.8-0.9)
278550329,440626,0.8571428571428572,1,[0.8-0.9)
278550329,188415,0.7142857142857143,1,[0.7-0.8)
278550329,2456,0.8571428571428572,5,[0.8-0.9)
278550329,6349,0.8571428571428572,1,[0.8-0.9)
278550329,196331,0.8571428571428572,1,[0.8-0.9)
278550329,51917,0.7142857142857143,1,[0.7-0.8)
278550329,5166,0.8571428571428572,1,[0.8-0.9)
278550329,38417,0.8571428571428572,1,[0.8-0.9)
278550329,246049,0.7142857142857143,1,[0.7-0.8)
278550329,2194,0.8571428571428572,5,[0.8-0.9)
278550329,6391,0.8571428571428572,1,[0.8-0.9)
278550329,4824,0.8571428571428572,1,[0.8-0.9)
278550329,517655,0.8571428571428572,1,[0.8-0.9)
278550329,14658,0.7142857142857143,1,[0.7-0.8)
278550329,3341,0.8571428571428572,5,[0.8-0.9)
278550329,8998,0.8571428571428572,5,[0.8-0.9)
278550329,7191,0.8571428571428572,1,[0.8-0.9)
278550329,822,0.8571428571428572,5,[0.8-0.9)
278550329,246049,0.7142857142857143,1,[0.7-0.8)
278550329,38417,0.8571428571428572,1,[0.8-0.9)
278550329,26987,0.8571428571428572,1,[0.8-0.9)
278550329,2577,0.8571428571428572,5,[0.8-0.9)
278550329,1638,0.8571428571428572,1,[0.8-0.9)
278550329,33904,0.7142857142857143,1,[0.7-0.8)
278550329,523,0.8571428571428572,5,[0.8-0.9)
278550329,160507,0.7142857142857143,5,[0.7-0.8)
278550329,3951,0.8571428571428572,5,[0.8-0.9)
611126272,393,0.9,1,[0.8-0.9)
611126272,409,0.8,1,[0.7-0.8)
611126272,4063,0.8,1,[0.7-0.8)
611126272,1401,0.9,1,[0.8-0.9)
611126272,206686,0.9,1,[0.8-0.9)
611126272,190728,0.9,1,[0.8-0.9)
611126272,1401,0.9,1,[0.8-0.9)
611126272,102178,0.9,1,[0.8-0.9)
611126272,2405,0.8,1,[0.7-0.8)
611126272,11363,0.9,1,[0.8-0.9)
611126272,22736,0.8,1,[0.7-0.8)
611126272,19252,0.9,1,[0.8-0.9)
611126272,160678,0.9,1,[0.8-0.9)
611126272,238571,0.8,1,[0.7-0.8)
611126272,2145,0.9,1,[0.8-0.9)
611126272,215064,0.8,1,[0.7-0.8)
611126272,125103,0.8,5,[0.7-0.8)
611126272,19252,0.9,1,[0.8-0.9)
611126272,48567,0.8,1,[0.7-0.8)
611126272,238537,0.7,1,[0.6-0.7)
611126272,7622,0.8,1,[0.7-0.8)
611126272,7392,0.7,1,[0.6-0.7)
611126272,238571,0.8,1,[0.7-0.8)
611126272,215064,0.8,1,[0.7-0.8)
611126272,6,0.8,1,[0.7-0.8)
611126272,238557,0.8,1,[0.7-0.8)
611126272,390,0.8,1,[0.7-0.8)
611126272,1940,0.7,1,[0.6-0.7)
611126272,2145,0.9,1,[0.8-0.9)
611126272,7005,0.8,1,[0.7-0.8)
611126272,11363,0.9,1,[0.8-0.9)
611126272,49129,0.8,1,[0.7-0.8)
611126272,8778,0.9,1,[0.8-0.9)
611126272,20477,0.9,1,[0.8-0.9)
611126272,645,0.8,1,[0.7-0.8)
611126272,238544,0.9,1,[0.8-0.9)
611126272,27929,0.9,5,[0.8-0.9)
611126272,28663,0.8,1,[0.7-0.8)
611126272,13289,0.9,1,[0.8-0.9)
611126272,238528,0.8,1,[0.7-0.8)
611126272,125103,0.8,5,[0.7-0.8)
611126272,32884,0.9,1,[0.8-0.9)
611126272,19252,0.9,1,[0.8-0.9)
611126272,91942,0.9,1,[0.8-0.9)
611126272,904,0.8,1,[0.7-0.8)
611126272,28663,0.8,1,[0.7-0.8)
611126272,4106,0.9,1,[0.8-0.9)
611126272,11363,0.9,1,[0.8-0.9)
611126272,4770,0.8,1,[0.7-0.8)
611126272,160678,0.9,1,[0.8-0.9)
611126272,238592,0.8,1,[0.7-0.8)
611126272,1940,0.7,1,[0.6-0.7)
611126272,11753,0.9,1,[0.8-0.9)
611126272,238605,0.9,1,[0.8-0.9)
611126272,4091,0.7,1,[0.6-0.7)
611126272,19309,0.9,1,[0.8-0.9)
611126272,102178,0.9,1,[0.8-0.9)
611126272,21306,0.9,1,[0.8-0.9)
611126272,11770,0.8,1,[0.7-0.8)
611126272,76002,0.8,1,[0.7-0.8)
611126272,13289,0.9,1,[0.8-0.9)
611126272,28663,0.8,1,[0.7-0.8)
611126272,28663,0.8,1,[0.7-0.8)
611126272,6561,0.9,1,[0.8-0.9)
611126272,313,0.9,1,[0.8-0.9)
611126272,89786,0.9,1,[0.8-0.9)
611126272,209074,0.9,1,[0.8-0.9)
550708622,342225,0.7142857142857143,1,[0.7-0.8)
550708622,7826,0.8571428571428572,1,[0.8-0.9)
550708622,63115,0.8571428571428572,5,[0.8-0.9)
550708622,3149118,0.7142857142857143,1,[0.7-0.8)
550708622,116673,0.8571428571428572,1,[0.8-0.9)
550708622,63136,0.8571428571428572,1,[0.8-0.9)
550708622,359803,0.5714285714285714,1,[0.5-0.6)
550708622,450179,0.8571428571428572,1,[0.8-0.9)
550708622,3333,0.8571428571428572,5,[0.8-0.9)
550708622,844306,0.7142857142857143,1,[0.7-0.8)
550708622,112952,0.8571428571428572,1,[0.8-0.9)
550708622,63125,0.7142857142857143,1,[0.7-0.8)
550708622,440103,0.8571428571428572,1,[0.8-0.9)
343735375,32361,0.8,1,[0.7-0.8)
343735375,19130,0.8,1,[0.7-0.8)
343735375,1665301,0.8,1,[0.7-0.8)
343735375,1104,0.9,1,[0.8-0.9)
343735375,123021,0.9,1,[0.8-0.9)
343735375,15445,0.8,5,[0.7-0.8)
343735375,8193,0.8,1,[0.7-0.8)
343735375,11524,0.8,1,[0.7-0.8)
343735375,3286,0.8,5,[0.7-0.8)
343735375,6280,0.8,1,[0.7-0.8)
343735375,39455,0.8,1,[0.7-0.8)
343735375,21687,0.8,1,[0.7-0.8)
343735375,55757,0.9,1,[0.8-0.9)
343735375,6362,0.9,1,[0.8-0.9)
343735375,44824,0.9,1,[0.8-0.9)
343735375,246,0.8,1,[0.7-0.8)
343735375,40511,0.9,1,[0.8-0.9)
343735375,117729,0.8,1,[0.7-0.8)
343735375,148512,0.8,1,[0.7-0.8)
343735375,6264,0.9,1,[0.8-0.9)
720008904,1613,0.9,1,[0.8-0.9)
720008904,78936,0.8,1,[0.7-0.8)
720008904,703323,0.9,1,[0.8-0.9)
720008904,40592,0.9,1,[0.8-0.9)
720008904,122810,0.8,1,[0.7-0.8)
720008904,91834,0.8,1,[0.7-0.8)
720008904,229317,0.9,1,[0.8-0.9)
720008904,19959,0.9,1,[0.8-0.9)
720008904,1244900,0.9,1,[0.8-0.9)
720008904,96597,0.9,1,[0.8-0.9)
720008904,973,0.9,1,[0.8-0.9)
720008904,349651,0.9,1,[0.8-0.9)
720008904,375258,0.9,1,[0.8-0.9)
720008904,8652,0.9,1,[0.8-0.9)
720008904,105893,0.9,1,[0.8-0.9)
720008904,399393,0.9,1,[0.8-0.9)
720008904,399393,0.9,1,[0.8-0.9)
720008904,40592,0.9,1,[0.8-0.9)
720008904,1244926,0.8,1,[0.7-0.8)
720008904,414267,0.9,5,[0.8-0.9)
720008904,210422,0.9,1,[0.8-0.9)
720008904,31835,0.9,1,[0.8-0.9)
720008904,9527,0.9,1,[0.8-0.9)
720008904,375258,0.9,1,[0.8-0.9)
720008904,24582,0.9,5,[0.8-0.9)
720008904,234227,0.9,5,[0.8-0.9)
720008904,13235,0.8,1,[0.7-0.8)
720008904,105893,0.9,1,[0.8-0.9)
720008904,24336,0.8,1,[0.7-0.8)
720008904,476422,0.9,1,[0.8-0.9)
720008904,308316,0.7,1,[0.6-0.7)
720008904,817143,0.9,1,[0.8-0.9)
720008904,1244913,0.9,1,[0.8-0.9)
720008904,245984,0.9,5,[0.8-0.9)
720008904,245984,0.9,1,[0.8-0.9)
720008904,1244936,0.9,1,[0.8-0.9)
720008904,236055,0.8,1,[0.7-0.8)
720008904,2601,0.9,5,[0.8-0.9)
717884594,5016434,0.9,1,[0.8-0.9)
717884594,1992143,0.8,1,[0.7-0.8)
717884594,51870,0.8,1,[0.7-0.8)
717884594,5016375,0.9,1,[0.8-0.9)
717884594,5016394,0.8,1,[0.7-0.8)
717884594,5016433,0.8,1,[0.7-0.8)
717884594,49745,0.9,5,[0.8-0.9)
717884594,4231768,0.9,1,[0.8-0.9)
717884594,5016367,0.9,1,[0.8-0.9)
717884594,1998223,0.8,1,[0.7-0.8)
717884594,5016369,0.8,1,[0.7-0.8)
717884594,599851,0.7,1,[0.6-0.7)
717884594,920569,0.9,1,[0.8-0.9)
717884594,3455624,0.9,1,[0.8-0.9)
717884594,5016407,0.8,1,[0.7-0.8)
333711508,342503,0.8571428571428572,1,[0.8-0.9)
333711508,261706,0.8571428571428572,1,[0.8-0.9)
333711508,334249,0.7142857142857143,5,[0.7-0.8)
333711508,14261,0.8571428571428572,1,[0.8-0.9)
333711508,342487,0.5714285714285714,1,[0.5-0.6)
333711508,106309,0.8571428571428572,1,[0.8-0.9)
333711508,912756,0.7142857142857143,1,[0.7-0.8)
333711508,1015817,0.8571428571428572,5,[0.8-0.9)
333711508,312045,0.7142857142857143,1,[0.7-0.8)
333711508,342475,0.7142857142857143,1,[0.7-0.8)
333711508,912755,0.7142857142857143,1,[0.7-0.8)
333711508,5432544,0.8571428571428572,1,[0.8-0.9)
333711508,1684043,0.7142857142857143,1,[0.7-0.8)
379278612,157938,0.875,5,[0.8-0.9)
379278612,770184,0.875,1,[0.8-0.9)
379278612,770179,0.875,1,[0.8-0.9)
379278612,392035,0.75,1,[0.7-0.8)
379278612,502942,0.875,1,[0.8-0.9)
379278612,459451,0.875,5,[0.8-0.9)
379278612,341458,0.875,1,[0.8-0.9)
379278612,142550,0.75,1,[0.7-0.8)
379278612,157879,0.75,5,[0.7-0.8)
379278612,262003,0.875,1,[0.8-0.9)
379278612,162276,0.875,1,[0.8-0.9)
379278612,16978,0.875,1,[0.8-0.9)
379278612,544564,0.75,1,[0.7-0.8)
379278612,219901,0.75,1,[0.7-0.8)
379278612,7388,0.75,1,[0.7-0.8)
379278612,262003,0.875,1,[0.8-0.9)
379278612,22351,0.75,1,[0.7-0.8)
379278612,460579,0.875,1,[0.8-0.9)
379278612,142547,0.75,1,[0.7-0.8)
379278612,54678,0.875,1,[0.8-0.9)
379278612,174456,0.75,5,[0.7-0.8)
379278612,396680,0.875,1,[0.8-0.9)
379278612,43830,0.75,1,[0.7-0.8)
379278612,392035,0.75,1,[0.7-0.8)
379278612,243040,0.875,1,[0.8-0.9)
379278612,52918,0.75,1,[0.7-0.8)
541990920,2022,0.8888888888888888,1,[0.8-0.9)
541990920,319,0.7777777777777778,1,[0.7-0.8)
541990920,774,0.7777777777777778,1,[0.7-0.8)
541990920,8625,0.7777777777777778,1,[0.7-0.8)
541990920,26,0.8888888888888888,1,[0.8-0.9)
541990920,782,0.8888888888888888,1,[0.8-0.9)
541990920,748,0.8888888888888888,5,[0.8-0.9)
541990920,318,0.7777777777777778,1,[0.7-0.8)
541990920,1217,0.8888888888888888,1,[0.8-0.9)
541990920,321,0.7777777777777778,1,[0.7-0.8)
541990920,746,0.8888888888888888,1,[0.8-0.9)
541990920,4077,0.7777777777777778,1,[0.7-0.8)
541990920,329,0.7777777777777778,1,[0.7-0.8)
541990920,2739,0.7777777777777778,1,[0.7-0.8)
541990920,757,0.8888888888888888,1,[0.8-0.9)
541990920,787,0.7777777777777778,1,[0.7-0.8)
541990920,1228,0.8888888888888888,1,[0.8-0.9)
541990920,732,0.7777777777777778,1,[0.7-0.8)
541990920,2739,0.7777777777777778,1,[0.7-0.8)
541990920,923,0.8888888888888888,1,[0.8-0.9)
541990920,409,0.7777777777777778,5,[0.7-0.8)
541990920,1174,0.8888888888888888,1,[0.8-0.9)
541990920,323,0.7777777777777778,1,[0.7-0.8)
541990920,326,0.7777777777777778,1,[0.7-0.8)
541990920,2257,0.7777777777777778,1,[0.7-0.8)
541990920,766,0.8888888888888888,5,[0.8-0.9)
541990920,4091,0.6666666666666667,1,[0.6-0.7)
541990920,1759,0.8888888888888888,5,[0.8-0.9)
541990920,738,0.7777777777777778,1,[0.7-0.8)
541990920,2022,0.8888888888888888,1,[0.8-0.9)
541990920,2251,0.7777777777777778,1,[0.7-0.8)
541990920,745,0.7777777777777778,1,[0.7-0.8)
541990920,7022,0.7777777777777778,1,[0.7-0.8)
541990920,4077,0.7777777777777778,1,[0.7-0.8)
541990920,899,0.7777777777777778,1,[0.7-0.8)
541990920,422,0.8888888888888888,5,[0.8-0.9)
541990920,1198,0.8888888888888888,5,[0.8-0.9)
541990920,787,0.7777777777777778,1,[0.7-0.8)
541990920,88,0.7777777777777778,1,[0.7-0.8)
541990920,2312,0.7777777777777778,5,[0.7-0.8)
754174206,617340,0.75,1,[0.7-0.8)
754174206,312824,0.875,1,[0.8-0.9)
754174206,39082,0.75,1,[0.7-0.8)
754174206,3314500,0.875,1,[0.8-0.9)
754174206,6442,0.875,1,[0.8-0.9)
754174206,114555,0.875,1,[0.8-0.9)
754174206,3314420,0.75,1,[0.7-0.8)
754174206,3029982,0.875,1,[0.8-0.9)
754174206,837730,0.875,1,[0.8-0.9)
754174206,1134567,0.875,1,[0.8-0.9)
754174206,231511,0.875,1,[0.8-0.9)
754174206,278849,0.875,1,[0.8-0.9)
754174206,3314488,0.875,1,[0.8-0.9)
754174206,3314509,0.875,1,[0.8-0.9)
754174206,315151,0.75,1,[0.7-0.8)
754174206,3173226,0.875,1,[0.8-0.9)
740928752,28829,0.75,1,[0.7-0.8)
740928752,435832,0.5,1,[0.4-0.5)
740928752,2562810,0.75,5,[0.7-0.8)
740928752,6035,0.5,1,[0.4-0.5)
740928752,360950,0.75,1,[0.7-0.8)
740928752,3158,0.75,1,[0.7-0.8)
740928752,570725,0.75,1,[0.7-0.8)
740928752,1418222,0.5,5,[0.4-0.5)
740928752,5292581,0.5,1,[0.4-0.5)
740928752,1160470,0.75,5,[0.7-0.8)
740928752,400422,0.75,1,[0.7-0.8)
740928752,249928,0.75,1,[0.7-0.8)
740928752,536515,0.75,1,[0.7-0.8)
970756245,19293,0.7777777777777778,1,[0.7-0.8)
970756245,335249,0.6666666666666667,1,[0.6-0.7)
970756245,335249,0.6666666666666667,1,[0.6-0.7)
970756245,933,0.8888888888888888,1,[0.8-0.9)
970756245,221135,0.8888888888888888,1,[0.8-0.9)
970756245,498850,0.8888888888888888,5,[0.8-0.9)
970756245,450437,0.7777777777777778,1,[0.7-0.8)
970756245,695585,0.8888888888888888,1,[0.8-0.9)
970756245,1358,0.8888888888888888,5,[0.8-0.9)
970756245,87419,0.8888888888888888,1,[0.8-0.9)
970756245,92,0.8888888888888888,1,[0.8-0.9)
970756245,143298,0.8888888888888888,1,[0.8-0.9)
970756245,642071,0.8888888888888888,1,[0.8-0.9)
970756245,241486,0.7777777777777778,1,[0.7-0.8)
970756245,695593,0.8888888888888888,1,[0.8-0.9)
970756245,642071,0.8888888888888888,1,[0.8-0.9)
970756245,632640,0.6666666666666667,1,[0.6-0.7)
970756245,695578,0.7777777777777778,1,[0.7-0.8)
970756245,695575,0.8888888888888888,1,[0.8-0.9)
970756245,405350,0.8888888888888888,1,[0.8-0.9)
970756245,695640,0.8888888888888888,1,[0.8-0.9)
970756245,695634,0.8888888888888888,1,[0.8-0.9)
37095818,478466,0.8,1,[0.7-0.8)
37095818,293395,0.8,1,[0.7-0.8)
37095818,135343,0.8,1,[0.7-0.8)
37095818,38327,0.8,1,[0.7-0.8)
37095818,212153,0.8,1,[0.7-0.8)
37095818,293377,0.8,1,[0.7-0.8)
37095818,293429,0.8,1,[0.7-0.8)
37095818,973,0.8,1,[0.7-0.8)
37095818,16186,0.8,1,[0.7-0.8)
37095818,4230786,0.8,1,[0.7-0.8)
37095818,943377,0.8,1,[0.7-0.8)
373707900,447648,0.875,1,[0.8-0.9)
373707900,2493556,0.875,1,[0.8-0.9)
373707900,2493560,0.75,1,[0.7-0.8)
373707900,17519,0.875,1,[0.8-0.9)
373707900,2585,0.875,1,[0.8-0.9)
373707900,738747,0.875,1,[0.8-0.9)
373707900,23739,0.875,5,[0.8-0.9)
373707900,22333,0.875,1,[0.8-0.9)
373707900,565244,0.875,1,[0.8-0.9)
373707900,1669,0.875,1,[0.8-0.9)
373707900,384256,0.75,1,[0.7-0.8)
373707900,1195721,0.875,1,[0.8-0.9)
373707900,40816,0.875,1,[0.8-0.9)
373707900,1281589,0.875,1,[0.8-0.9)
373707900,2174004,0.875,1,[0.8-0.9)
373707900,1607932,0.875,1,[0.8-0.9)
373707900,631598,0.875,1,[0.8-0.9)
373707900,23679,0.875,1,[0.8-0.9)
597923318,40094,0.8333333333333334,1,[0.8-0.9)
597923318,3690799,0.8333333333333334,1,[0.8-0.9)
597923318,480737,0.8333333333333334,1,[0.8-0.9)
597923318,2061355,0.6666666666666667,1,[0.6-0.7)
597923318,1968524,0.8333333333333334,1,[0.8-0.9)
597923318,2079,0.8333333333333334,1,[0.8-0.9)
597923318,582436,0.8333333333333334,5,[0.8-0.9)
597923318,636966,0.8333333333333334,1,[0.8-0.9)
597923318,771565,0.8333333333333334,1,[0.8-0.9)
597923318,8039,0.8333333333333334,5,[0.8-0.9)
597923318,323121,0.8333333333333334,1,[0.8-0.9)
597923318,781248,0.8333333333333334,1,[0.8-0.9)
597923318,3690800,0.8333333333333334,1,[0.8-0.9)
597923318,2708318,0.8333333333333334,1,[0.8-0.9)
597923318,21293,0.8333333333333334,1,[0.8-0.9)
597923318,6130,0.8333333333333334,1,[0.8-0.9)
181046091,1361968,0.8571428571428572,1,[0.8-0.9)
181046091,14369,0.7142857142857143,1,[0.7-0.8)
181046091,9810,0.8571428571428572,1,[0.8-0.9)
181046091,88653,0.7142857142857143,1,[0.7-0.8)
181046091,2528,0.8571428571428572,1,[0.8-0.9)
181046091,39191,0.8571428571428572,1,[0.8-0.9)
181046091,5749,0.7142857142857143,1,[0.7-0.8)
181046091,88488,0.8571428571428572,1,[0.8-0.9)
181046091,236567,0.8571428571428572,1,[0.8-0.9)
181046091,1420009,0.7142857142857143,1,[0.7-0.8)
181046091,118907,0.7142857142857143,1,[0.7-0.8)
181046091,3520,0.8571428571428572,5,[0.8-0.9)
181046091,271823,0.8571428571428572,1,[0.8-0.9)
181046091,4505,0.7142857142857143,1,[0.7-0.8)
181046091,814,0.8571428571428572,1,[0.8-0.9)
181046091,2509,0.7142857142857143,1,[0.7-0.8)
181046091,115441,0.8571428571428572,1,[0.8-0.9)
181046091,3478,0.7142857142857143,1,[0.7-0.8)
181046091,14386,0.7142857142857143,5,[0.7-0.8)
181046091,335,0.8571428571428572,1,[0.8-0.9)
181046091,11505,0.8571428571428572,1,[0.8-0.9)
181046091,264905,0.7142857142857143,1,[0.7-0.8)
181046091,2528,0.8571428571428572,1,[0.8-0.9)
181046091,6300,0.7142857142857143,1,[0.7-0.8)
181046091,7799,0.8571428571428572,1,[0.8-0.9)
181046091,11495,0.8571428571428572,1,[0.8-0.9)
181046091,140965,0.5714285714285714,1,[0.5-0.6)
181046091,105719,0.8571428571428572,1,[0.8-0.9)
181046091,34798,0.8571428571428572,1,[0.8-0.9)
181046091,140965,0.5714285714285714,1,[0.5-0.6)
181046091,16493,0.8571428571428572,1,[0.8-0.9)
181046091,168823,0.7142857142857143,1,[0.7-0.8)
181046091,11431,0.8571428571428572,1,[0.8-0.9)
181046091,6285,0.7142857142857143,1,[0.7-0.8)
181046091,2527,0.7142857142857143,1,[0.7-0.8)
181046091,6285,0.7142857142857143,1,[0.7-0.8)
313661563,773011,0.75,1,[0.7-0.8)
313661563,2965118,0.875,1,[0.8-0.9)
313661563,238152,0.875,1,[0.8-0.9)
313661563,797521,0.875,1,[0.8-0.9)
313661563,4989342,0.875,1,[0.8-0.9)
313661563,1865769,0.875,1,[0.8-0.9)
313661563,975884,0.875,1,[0.8-0.9)
313661563,1908341,0.875,1,[0.8-0.9)
313661563,14259,0.875,1,[0.8-0.9)
313661563,75603,0.875,1,[0.8-0.9)
313661563,1436178,0.875,1,[0.8-0.9)
313661563,1921635,0.875,1,[0.8-0.9)
527546781,1020698,0.8571428571428572,1,[0.8-0.9)
527546781,466104,0.8571428571428572,1,[0.8-0.9)
527546781,3813276,0.8571428571428572,1,[0.8-0.9)
527546781,3813230,0.8571428571428572,1,[0.8-0.9)
527546781,280872,0.7142857142857143,1,[0.7-0.8)
527546781,3813189,0.8571428571428572,5,[0.8-0.9)
527546781,89166,0.8571428571428572,1,[0.8-0.9)
527546781,466095,0.8571428571428572,1,[0.8-0.9)
527546781,18391,0.8571428571428572,5,[0.8-0.9)
527546781,440637,0.8571428571428572,1,[0.8-0.9)
527546781,17004,0.8571428571428572,1,[0.8-0.9)
527546781,796770,0.8571428571428572,1,[0.8-0.9)
527546781,792650,0.8571428571428572,1,[0.8-0.9)
527546781,1079778,0.8571428571428572,1,[0.8-0.9)
527546781,3206890,0.8571428571428572,1,[0.8-0.9)
527546781,341543,0.8571428571428572,1,[0.8-0.9)
527546781,477032,0.8571428571428572,1,[0.8-0.9)
516320424,15277,0.7,1,[0.6-0.7)
516320424,2544,0.9,1,[0.8-0.9)
516320424,2739,0.8,1,[0.7-0.8)
516320424,13606,0.9,1,[0.8-0.9)
516320424,13484,0.8,1,[0.7-0.8)
516320424,313,0.9,1,[0.8-0.9)
516320424,1151,0.9,1,[0.8-0.9)
516320424,5741,0.9,1,[0.8-0.9)
516320424,1962,0.8,1,[0.7-0.8)
516320424,2823,0.8,1,[0.7-0.8)
516320424,7696,0.8,1,[0.7-0.8)
516320424,1643,0.8,1,[0.7-0.8)
516320424,14163,0.9,1,[0.8-0.9)
516320424,367,0.9,1,[0.8-0.9)
516320424,83271,0.9,1,[0.8-0.9)
516320424,382,0.9,1,[0.8-0.9)
516320424,237,0.8,1,[0.7-0.8)
516320424,1747,0.8,1,[0.7-0.8)
516320424,523,0.9,1,[0.8-0.9)
516320424,1680,0.9,1,[0.8-0.9)
516320424,352,0.9,5,[0.8-0.9)
516320424,346,0.9,1,[0.8-0.9)
516320424,16368,0.8,1,[0.7-0.8)
516320424,1228,0.9,1,[0.8-0.9)
516320424,7723,0.8,1,[0.7-0.8)
516320424,1654,0.8,5,[0.7-0.8)
516320424,212,0.9,5,[0.8-0.9)
516320424,10098,0.9,1,[0.8-0.9)
516320424,1671,0.8,1,[0.7-0.8)
516320424,2845,0.9,1,[0.8-0.9)
516320424,7622,0.8,1,[0.7-0.8)
516320424,1162,0.9,1,[0.8-0.9)
516320424,10098,0.9,1,[0.8-0.9)
516320424,2739,0.8,1,[0.7-0.8)
516320424,1759,0.9,1,[0.8-0.9)
516320424,364,0.8,1,[0.7-0.8)
516320424,1962,0.8,1,[0.7-0.8)
516320424,326,0.8,1,[0.7-0.8)
516320424,336,0.9,5,[0.8-0.9)
486891659,244515,0.875,1,[0.8-0.9)
486891659,7388,0.75,1,[0.7-0.8)
486891659,98660,0.875,1,[0.8-0.9)
486891659,5669,0.875,1,[0.8-0.9)
486891659,8263,0.75,5,[0.7-0.8)
486891659,723230,0.875,1,[0.8-0.9)
486891659,5551,0.8888888888888888,1,[0.8-0.9)
486891659,50551,0.875,5,[0.8-0.9)
486891659,64727,0.875,1,[0.8-0.9)
486891659,8754,0.75,1,[0.7-0.8)
486891659,1120,0.875,1,[0.8-0.9)
486891659,10599,0.875,1,[0.8-0.9)
486891659,109270,0.875,1,[0.8-0.9)
486891659,8064,0.875,1,[0.8-0.9)
486891659,29083,0.875,1,[0.8-0.9)
486891659,5551,0.8888888888888888,1,[0.8-0.9)
486891659,529277,0.875,1,[0.8-0.9)
486891659,29147,0.75,1,[0.7-0.8)
486891659,529277,0.875,1,[0.8-0.9)
486891659,8051,0.875,1,[0.8-0.9)
486891659,723218,0.875,1,[0.8-0.9)
486891659,133540,0.875,1,[0.8-0.9)
486891659,2701,0.875,1,[0.8-0.9)
486891659,109270,0.875,1,[0.8-0.9)
486891659,723213,0.75,1,[0.7-0.8)
402611028,110749,0.8,1,[0.7-0.8)
402611028,85987,0.6,1,[0.5-0.6)
402611028,2194,0.8,1,[0.7-0.8)
402611028,11748,0.8,1,[0.7-0.8)
402611028,4880,0.8,1,[0.7-0.8)
402611028,319650,0.6,1,[0.5-0.6)
402611028,18805,0.6,5,[0.5-0.6)
402611028,3271372,0.8,1,[0.7-0.8)
402611028,273632,0.6,1,[0.5-0.6)
402611028,14333,0.8,1,[0.7-0.8)
402611028,3533293,0.8,1,[0.7-0.8)
402611028,3520,0.8,1,[0.7-0.8)
468466061,72490,0.8571428571428572,1,[0.8-0.9)
468466061,943,0.8571428571428572,1,[0.8-0.9)
468466061,1065666,0.8571428571428572,1,[0.8-0.9)
468466061,143562,0.8571428571428572,1,[0.8-0.9)
468466061,5284907,0.7142857142857143,1,[0.7-0.8)
468466061,404196,0.7142857142857143,5,[0.7-0.8)
468466061,29083,0.8571428571428572,1,[0.8-0.9)
468466061,533758,0.8571428571428572,5,[0.8-0.9)
468466061,3857932,0.8571428571428572,5,[0.8-0.9)
468466061,5284900,0.8571428571428572,1,[0.8-0.9)
468466061,501670,0.7142857142857143,1,[0.7-0.8)
468466061,41047,0.8571428571428572,5,[0.8-0.9)
468466061,70627,0.8571428571428572,1,[0.8-0.9)
468466061,34560,0.8571428571428572,1,[0.8-0.9)
468466061,2695392,0.8571428571428572,5,[0.8-0.9)
468466061,2233067,0.7142857142857143,1,[0.7-0.8)
411669528,1148345,0.8,1,[0.7-0.8)
411669528,582064,0.8,1,[0.7-0.8)
411669528,1148380,0.8,1,[0.7-0.8)
411669528,1148366,0.8,1,[0.7-0.8)
411669528,1148355,0.8,1,[0.7-0.8)
411669528,1148316,0.8,1,[0.7-0.8)
411669528,1148351,0.8,1,[0.7-0.8)
411669528,1148394,0.8,1,[0.7-0.8)
411669528,501467,0.8,1,[0.7-0.8)
411669528,1148349,0.8,1,[0.7-0.8)
411669528,1148395,0.8,1,[0.7-0.8)
411669528,346582,0.8,1,[0.7-0.8)
411669528,1148358,0.6,1,[0.5-0.6)
411669528,1148390,0.8,1,[0.7-0.8)
411669528,1148338,0.6,1,[0.5-0.6)
411669528,582124,0.8,1,[0.7-0.8)
411669528,1148372,0.8,1,[0.7-0.8)
411669528,1086681,0.8,1,[0.7-0.8)
411669528,1148299,0.8,5,[0.7-0.8)
411669528,1148353,0.8,1,[0.7-0.8)
411669528,223432,0.8,1,[0.7-0.8)
411669528,1148339,0.8,1,[0.7-0.8)
411669528,1148363,0.8,1,[0.7-0.8)
411669528,842272,0.8,1,[0.7-0.8)
411669528,1148307,0.8,1,[0.7-0.8)
411669528,1148325,0.8,1,[0.7-0.8)
411669528,1148394,0.8,1,[0.7-0.8)
411669528,1148379,0.8,1,[0.7-0.8)
411669528,947688,0.8,1,[0.7-0.8)
411669528,1148396,0.8,1,[0.7-0.8)
411669528,1148319,0.8,1,[0.7-0.8)
411669528,1148376,0.8,1,[0.7-0.8)
411669528,1148314,0.8,1,[0.7-0.8)
411669528,1148312,0.8,1,[0.7-0.8)
411669528,1148300,0.8,1,[0.7-0.8)
411669528,1148310,0.8,1,[0.7-0.8)
199950690,37238,0.8333333333333334,1,[0.8-0.9)
199950690,1824190,0.6666666666666667,1,[0.6-0.7)
199950690,430695,0.8333333333333334,1,[0.8-0.9)
199950690,51528,0.8333333333333334,1,[0.8-0.9)
199950690,6079,0.8333333333333334,1,[0.8-0.9)
199950690,8046,0.8333333333333334,5,[0.8-0.9)
199950690,955,0.6666666666666667,1,[0.6-0.7)
199950690,43816,0.6666666666666667,1,[0.6-0.7)
199950690,5107,0.8333333333333334,5,[0.8-0.9)
199950690,1358,0.8333333333333334,1,[0.8-0.9)
199950690,62394,0.8333333333333334,1,[0.8-0.9)
199950690,2133,0.8333333333333334,1,[0.8-0.9)
199950690,158510,0.8333333333333334,1,[0.8-0.9)
199950690,17358,0.8333333333333334,1,[0.8-0.9)
199950690,251827,0.8571428571428572,1,[0.8-0.9)
9034327,46511,0.8571428571428572,1,[0.8-0.9)
9034327,2289069,0.7142857142857143,1,[0.7-0.8)
9034327,2707,0.8571428571428572,1,[0.8-0.9)
9034327,34564,0.8571428571428572,1,[0.8-0.9)
9034327,236635,0.8571428571428572,1,[0.8-0.9)
9034327,92124,0.8571428571428572,1,[0.8-0.9)
9034327,22900,0.8571428571428572,1,[0.8-0.9)
9034327,1145057,0.8571428571428572,1,[0.8-0.9)
9034327,1903,0.8571428571428572,1,[0.8-0.9)
9034327,2443,0.8571428571428572,1,[0.8-0.9)
9034327,147285,0.8571428571428572,1,[0.8-0.9)
9034327,90261,0.7142857142857143,1,[0.7-0.8)
9034327,113164,0.8571428571428572,1,[0.8-0.9)
9034327,973,0.8571428571428572,1,[0.8-0.9)
9034327,29565,0.8571428571428572,1,[0.8-0.9)
9034327,4929,0.8571428571428572,1,[0.8-0.9)
9034327,6177,0.8571428571428572,1,[0.8-0.9)
9034327,8998,0.8571428571428572,5,[0.8-0.9)
9034327,13287,0.7142857142857143,1,[0.7-0.8)
9034327,2528,0.8571428571428572,1,[0.8-0.9)
9034327,5462,0.8571428571428572,1,[0.8-0.9)
9034327,156118,0.8571428571428572,1,[0.8-0.9)
9034327,217781,0.8571428571428572,1,[0.8-0.9)
9034327,5960,0.8571428571428572,1,[0.8-0.9)
9034327,72853,0.8571428571428572,1,[0.8-0.9)
9034327,6442,0.8571428571428572,1,[0.8-0.9)
9034327,544686,0.8571428571428572,1,[0.8-0.9)
9034327,90261,0.7142857142857143,1,[0.7-0.8)
9034327,479164,0.8571428571428572,1,[0.8-0.9)
9034327,92124,0.8571428571428572,1,[0.8-0.9)
9034327,324303,0.8571428571428572,1,[0.8-0.9)
9034327,142737,0.8571428571428572,1,[0.8-0.9)
9034327,5462,0.8571428571428572,1,[0.8-0.9)
366444953,19420,0.8888888888888888,1,[0.8-0.9)
366444953,187030,0.8888888888888888,1,[0.8-0.9)
366444953,44401,0.8888888888888888,1,[0.8-0.9)
366444953,2079,0.8888888888888888,1,[0.8-0.9)
366444953,273556,0.8888888888888888,1,[0.8-0.9)
366444953,1106,0.8888888888888888,1,[0.8-0.9)
366444953,19423,0.8888888888888888,1,[0.8-0.9)
366444953,1355009,0.8888888888888888,1,[0.8-0.9)
366444953,53082,0.8888888888888888,1,[0.8-0.9)
366444953,94046,0.8888888888888888,1,[0.8-0.9)
366444953,232431,0.8888888888888888,1,[0.8-0.9)
279319033,2072023,0.8,1,[0.7-0.8)
279319033,23718,0.6,1,[0.5-0.6)
279319033,518447,0.4,1,[0.3-0.4)
279319033,432496,0.6,1,[0.5-0.6)
279319033,2072068,0.8,1,[0.7-0.8)
279319033,793885,0.8,1,[0.7-0.8)
279319033,213075,0.6,1,[0.5-0.6)
279319033,13675,0.6,1,[0.5-0.6)
279319033,479263,0.8,1,[0.7-0.8)
279319033,13640,0.8,5,[0.7-0.8)
279319033,268522,0.8,1,[0.7-0.8)
279319033,2072095,0.8,1,[0.7-0.8)
279319033,512833,0.8,1,[0.7-0.8)
279319033,477561,0.6,1,[0.5-0.6)
279319033,13640,0.8,5,[0.7-0.8)
279319033,662795,0.6,1,[0.5-0.6)
279319033,432501,0.8,1,[0.7-0.8)
279319033,13674,0.6,1,[0.5-0.6)
279319033,23728,0.6,1,[0.5-0.6)
279319033,341700,0.8,1,[0.7-0.8)
279319033,13669,0.6,1,[0.5-0.6)
279319033,185192,0.6,5,[0.5-0.6)
279319033,185193,0.6,1,[0.5-0.6)
279319033,1133519,0.8,1,[0.7-0.8)
279319033,477586,0.8,1,[0.7-0.8)
279319033,953084,0.6,1,[0.5-0.6)
279319033,268522,0.8,1,[0.7-0.8)
279319033,793885,0.8,1,[0.7-0.8)
279319033,654699,0.8,1,[0.7-0.8)
279319033,13673,0.6,1,[0.5-0.6)
714588386,15964,0.875,1,[0.8-0.9)
714588386,14610,0.75,1,[0.7-0.8)
714588386,128524,0.75,1,[0.7-0.8)
714588386,1484992,0.75,1,[0.7-0.8)
714588386,822,0.875,1,[0.8-0.9)
714588386,8204,0.875,5,[0.8-0.9)
714588386,1660737,0.875,1,[0.8-0.9)
714588386,11776,0.75,1,[0.7-0.8)
714588386,227563,0.75,1,[0.7-0.8)
714588386,1709440,0.75,1,[0.7-0.8)
714588386,2055,0.875,1,[0.8-0.9)
714588386,19919,0.75,1,[0.7-0.8)
714588386,100266,0.875,1,[0.8-0.9)
714588386,52143,0.875,1,[0.8-0.9)
289827776,16558,0.8571428571428572,1,[0.8-0.9)
289827776,975,0.8571428571428572,1,[0.8-0.9)
289827776,29640,0.8571428571428572,1,[0.8-0.9)
289827776,22480,0.8571428571428572,1,[0.8-0.9)
289827776,178357,0.8571428571428572,1,[0.8-0.9)
289827776,1616955,0.7142857142857143,1,[0.7-0.8)
289827776,64358,0.8571428571428572,5,[0.8-0.9)
289827776,142850,0.7142857142857143,1,[0.7-0.8)
289827776,6628,0.8571428571428572,1,[0.8-0.9)
289827776,32218,0.8571428571428572,5,[0.8-0.9)
289827776,14976,0.8571428571428572,1,[0.8-0.9)
289827776,51938,0.7142857142857143,1,[0.7-0.8)
289827776,100596,0.8571428571428572,1,[0.8-0.9)
289827776,244615,0.8571428571428572,1,[0.8-0.9)
289827776,15697,0.8571428571428572,1,[0.8-0.9)
289827776,722814,0.8571428571428572,1,[0.8-0.9)
289827776,47186,0.8571428571428572,1,[0.8-0.9)
289827776,415350,0.8571428571428572,1,[0.8-0.9)
289827776,3146,0.7142857142857143,1,[0.7-0.8)
94228419,489549,0.8888888888888888,1,[0.8-0.9)
94228419,33024,0.8888888888888888,1,[0.8-0.9)
94228419,25038,0.6666666666666667,1,[0.6-0.7)
94228419,3895,0.8888888888888888,1,[0.8-0.9)
94228419,171082,0.8888888888888888,1,[0.8-0.9)
94228419,274811,0.8888888888888888,1,[0.8-0.9)
94228419,159124,0.7777777777777778,1,[0.7-0.8)
94228419,340817,0.7777777777777778,1,[0.7-0.8)
94228419,448076,0.8888888888888888,1,[0.8-0.9)
94228419,134868,0.8888888888888888,5,[0.8-0.9)
94228419,288603,0.8888888888888888,1,[0.8-0.9)
94228419,1032,0.8888888888888888,1,[0.8-0.9)
94228419,340189,0.7777777777777778,1,[0.7-0.8)
94228419,489534,0.8888888888888888,1,[0.8-0.9)
94228419,259095,0.8888888888888888,1,[0.8-0.9)
94228419,25723,0.8888888888888888,1,[0.8-0.9)
94228419,442634,0.8888888888888888,5,[0.8-0.9)
94228419,489544,0.8888888888888888,1,[0.8-0.9)
94228419,474595,0.8888888888888888,1,[0.8-0.9)
94228419,47404,0.8888888888888888,1,[0.8-0.9)
94228419,489564,0.8888888888888888,1,[0.8-0.9)
94228419,411975,0.8888888888888888,1,[0.8-0.9)
94228419,489497,0.8888888888888888,1,[0.8-0.9)
94228419,11638,0.8888888888888888,1,[0.8-0.9)
94228419,1057,0.8888888888888888,5,[0.8-0.9)
94228419,3865,0.7777777777777778,1,[0.7-0.8)
94228419,22043,0.8888888888888888,1,[0.8-0.9)
94228419,489581,0.8888888888888888,1,[0.8-0.9)
94228419,354390,0.8888888888888888,1,[0.8-0.9)
94228419,39938,0.8888888888888888,1,[0.8-0.9)
94228419,288603,0.8888888888888888,1,[0.8-0.9)
94228419,489497,0.8888888888888888,1,[0.8-0.9)
94228419,119277,0.8888888888888888,5,[0.8-0.9)
94228419,389880,0.8888888888888888,1,[0.8-0.9)
488546298,3390059,0.5,1,[0.4-0.5)
488546298,3390102,0.6666666666666667,1,[0.6-0.7)
488546298,117372,0.8333333333333334,1,[0.8-0.9)
488546298,30130,0.6666666666666667,1,[0.6-0.7)
488546298,1358,0.8333333333333334,1,[0.8-0.9)
488546298,655610,0.8333333333333334,1,[0.8-0.9)
488546298,346108,0.6666666666666667,1,[0.6-0.7)
488546298,10159,0.8333333333333334,1,[0.8-0.9)
488546298,1191109,0.8333333333333334,1,[0.8-0.9)
488546298,66303,0.6666666666666667,1,[0.6-0.7)
488546298,3390067,0.6666666666666667,1,[0.6-0.7)
488546298,3390101,0.8333333333333334,1,[0.8-0.9)
488546298,3390082,0.8333333333333334,1,[0.8-0.9)
168198955,242545,0.8571428571428572,5,[0.8-0.9)
168198955,1287764,0.7142857142857143,1,[0.7-0.8)
168198955,479062,0.8571428571428572,1,[0.8-0.9)
168198955,1287783,0.7142857142857143,1,[0.7-0.8)
168198955,34577,0.8571428571428572,1,[0.8-0.9)
168198955,707165,0.8571428571428572,1,[0.8-0.9)
168198955,1712607,0.8571428571428572,1,[0.8-0.9)
168198955,78215,0.7142857142857143,1,[0.7-0.8)
168198955,4524,0.8571428571428572,1,[0.8-0.9)
168198955,1712520,0.7142857142857143,1,[0.7-0.8)
168198955,74764,0.8571428571428572,1,[0.8-0.9)
168198955,78164,0.8571428571428572,1,[0.8-0.9)
168198955,382158,0.8571428571428572,1,[0.8-0.9)
168198955,707165,0.8571428571428572,1,[0.8-0.9)
168198955,1712549,0.7142857142857143,1,[0.7-0.8)
168198955,1712597,0.8571428571428572,1,[0.8-0.9)
168198955,141278,0.8571428571428572,5,[0.8-0.9)
168198955,206423,0.8571428571428572,1,[0.8-0.9)
168198955,29575,0.8571428571428572,1,[0.8-0.9)
168198955,262944,0.5714285714285714,1,[0.5-0.6)
168198955,1671172,0.7142857142857143,1,[0.7-0.8)
168198955,1712549,0.7142857142857143,1,[0.7-0.8)
168198955,1712519,0.8571428571428572,1,[0.8-0.9)
168198955,1712603,0.8571428571428572,1,[0.8-0.9)
168198955,1712558,0.7142857142857143,1,[0.7-0.8)
168198955,1712610,0.7142857142857143,1,[0.7-0.8)
168198955,1671172,0.7142857142857143,1,[0.7-0.8)
168198955,224061,0.7142857142857143,1,[0.7-0.8)
168198955,324229,0.8571428571428572,1,[0.8-0.9)
168198955,1671179,0.7142857142857143,1,[0.7-0.8)
168198955,1712524,0.8571428571428572,1,[0.8-0.9)
168198955,83699,0.8571428571428572,1,[0.8-0.9)
87150151,90586,0.8333333333333334,1,[0.8-0.9)
87150151,49665,0.6666666666666667,1,[0.6-0.7)
87150151,2628465,0.8333333333333334,1,[0.8-0.9)
87150151,5292906,0.8571428571428572,1,[0.8-0.9)
87150151,4401,0.8333333333333334,1,[0.8-0.9)
87150151,3517415,0.8333333333333334,1,[0.8-0.9)
87150151,697128,0.6666666666666667,5,[0.6-0.7)
87150151,3702088,0.8333333333333334,1,[0.8-0.9)
87150151,555546,0.8333333333333334,5,[0.8-0.9)
87150151,946269,0.6666666666666667,5,[0.6-0.7)
87150151,1058690,0.8333333333333334,5,[0.8-0.9)
87150151,1327205,0.8333333333333334,5,[0.8-0.9)
87150151,946297,0.5,1,[0.4-0.5)
87150151,470492,0.6666666666666667,1,[0.6-0.7)
87150151,3091545,0.8333333333333334,5,[0.8-0.9)
87150151,15688,0.8333333333333334,1,[0.8-0.9)
727061207,1276324,1.0,1,[0.9-1.0]
727061207,1276285,0.8333333333333334,1,[0.8-0.9)
727061207,6471,0.8333333333333334,1,[0.8-0.9)
727061207,109155,0.8333333333333334,1,[0.8-0.9)
727061207,351506,0.8333333333333334,1,[0.8-0.9)
727061207,1276324,1.0,1,[0.9-1.0]
727061207,1276269,0.8333333333333334,1,[0.8-0.9)
727061207,1276312,0.8333333333333334,1,[0.8-0.9)
727061207,1276303,0.6666666666666667,1,[0.6-0.7)
727061207,7897,0.8333333333333334,1,[0.8-0.9)
727061207,6522,0.8333333333333334,1,[0.8-0.9)
781758925,1073567,0.875,1,[0.8-0.9)
781758925,826368,0.75,1,[0.7-0.8)
781758925,1073555,0.75,1,[0.7-0.8)
781758925,7341,0.875,1,[0.8-0.9)
781758925,1073531,0.75,1,[0.7-0.8)
781758925,18972,0.875,1,[0.8-0.9)
781758925,19250,0.875,1,[0.8-0.9)
781758925,1073488,0.75,5,[0.7-0.8)
781758925,98117,0.875,1,[0.8-0.9)
781758925,1073520,0.875,1,[0.8-0.9)
781758925,1073489,0.75,5,[0.7-0.8)
781758925,1073522,0.75,1,[0.7-0.8)
781758925,13484,0.75,1,[0.7-0.8)
781758925,20305,0.875,1,[0.8-0.9)
781758925,867385,0.875,1,[0.8-0.9)
781758925,1073518,0.875,1,[0.8-0.9)
781758925,25819,0.875,1,[0.8-0.9)
781758925,1073495,0.75,5,[0.7-0.8)
781758925,13449,0.75,1,[0.7-0.8)
781758925,275756,0.75,1,[0.7-0.8)
781758925,627439,0.875,1,[0.8-0.9)
781758925,13308,0.75,1,[0.7-0.8)
781758925,18,0.875,1,[0.8-0.9)
781758925,18628,0.875,5,[0.8-0.9)
781758925,136059,0.75,1,[0.7-0.8)
781758925,275756,0.75,1,[0.7-0.8)
781758925,59856,0.875,1,[0.8-0.9)
781758925,1073536,0.875,1,[0.8-0.9)
933265983,3745542,0.8,1,[0.7-0.8)
933265983,418915,0.8,1,[0.7-0.8)
933265983,4035504,0.8,1,[0.7-0.8)
933265983,2933881,0.6,1,[0.5-0.6)
933265983,4035506,0.8,1,[0.7-0.8)
933265983,775386,0.8,1,[0.7-0.8)
933265983,4035539,0.8,1,[0.7-0.8)
933265983,4035496,0.8,1,[0.7-0.8)
933265983,110716,0.8,1,[0.7-0.8)
933265983,946285,0.8,1,[0.7-0.8)
764510225,374742,0.8181818181818181,1,[0.8-0.9)
764510225,13054,0.9090909090909091,1,[0.9-1.0]
764510225,415716,0.9090909090909091,1,[0.9-1.0]
764510225,4976114,0.9090909090909091,1,[0.9-1.0]
764510225,194288,0.8181818181818181,1,[0.8-0.9)
764510225,368583,0.8181818181818181,1,[0.8-0.9)
764510225,125100,0.7272727272727273,5,[0.7-0.8)
764510225,5245440,0.9090909090909091,1,[0.9-1.0]
764510225,228284,0.9090909090909091,1,[0.9-1.0]
764510225,2285787,0.9090909090909091,5,[0.9-1.0]
764510225,6037,0.9090909090909091,1,[0.9-1.0]
764510225,86672,0.8181818181818181,1,[0.8-0.9)
764510225,6036,0.9090909090909091,1,[0.9-1.0]
764510225,450692,0.9090909090909091,1,[0.9-1.0]
764510225,206627,0.7272727272727273,1,[0.7-0.8)
764510225,22043,0.9090909090909091,1,[0.9-1.0]
727558857,329,0.8181818181818181,1,[0.8-0.9)
727558857,2028,0.9090909090909091,1,[0.9-1.0]
727558857,923,0.9090909090909091,1,[0.9-1.0]
727558857,985399,0.9090909090909091,1,[0.9-1.0]
727558857,305,0.8181818181818181,1,[0.8-0.9)
727558857,890,0.9090909090909091,5,[0.9-1.0]
727558857,5197275,0.9090909090909091,1,[0.9-1.0]
727558857,2313,0.9090909090909091,1,[0.9-1.0]
727558857,3339,0.9090909090909091,5,[0.9-1.0]
727558857,5197245,0.9090909090909091,1,[0.9-1.0]
727558857,489223,0.9090909090909091,1,[0.9-1.0]
727558857,1949,0.9090909090909091,1,[0.9-1.0]
727558857,79964,0.9090909090909091,1,[0.9-1.0]
727558857,40651,0.9090909090909091,1,[0.9-1.0]
727558857,6131,0.9090909090909091,1,[0.9-1.0]
727558857,7673,0.7272727272727273,1,[0.7-0.8)
727558857,6269,0.9090909090909091,1,[0.9-1.0]
727558857,12123,0.9090909090909091,1,[0.9-1.0]
727558857,792,0.8181818181818181,1,[0.8-0.9)
727558857,2019864,0.9090909090909091,1,[0.9-1.0]
684076586,65261,0.75,1,[0.7-0.8)
684076586,15020,0.6666666666666667,1,[0.6-0.7)
684076586,6469,0.6666666666666667,1,[0.6-0.7)
684076586,65261,0.75,1,[0.7-0.8)
684076586,262195,0.6666666666666667,1,[0.6-0.7)
684076586,46568,0.6666666666666667,1,[0.6-0.7)
684076586,46546,0.6666666666666667,1,[0.6-0.7)
684076586,6494,0.6666666666666667,1,[0.6-0.7)
684076586,6526,0.6666666666666667,5,[0.6-0.7)
684076586,2221,0.6666666666666667,1,[0.6-0.7)
684076586,63901,0.6666666666666667,1,[0.6-0.7)
684076586,63876,0.6666666666666667,1,[0.6-0.7)
684076586,8592,0.6666666666666667,1,[0.6-0.7)
684076586,8682,0.6666666666666667,1,[0.6-0.7)
684076586,15655,0.6666666666666667,1,[0.6-0.7)
684076586,6440,0.33333333333333337,5,[0.3-0.4)
684076586,8592,0.6666666666666667,1,[0.6-0.7)
684076586,8620,0.6666666666666667,1,[0.6-0.7)
684076586,6522,0.6666666666666667,1,[0.6-0.7)
684076586,32161,0.6666666666666667,1,[0.6-0.7)
684076586,15019,0.6666666666666667,1,[0.6-0.7)
684076586,325197,0.6666666666666667,5,[0.6-0.7)
684076586,46568,0.6666666666666667,1,[0.6-0.7)
684076586,267257,0.6666666666666667,1,[0.6-0.7)
684076586,6524,0.6666666666666667,1,[0.6-0.7)
684076586,7867,0.6666666666666667,1,[0.6-0.7)
684076586,63876,0.6666666666666667,1,[0.6-0.7)
684076586,46589,0.6666666666666667,1,[0.6-0.7)
684076586,474842,0.6666666666666667,5,[0.6-0.7)
684076586,2219,0.6666666666666667,5,[0.6-0.7)
684076586,403849,0.33333333333333337,1,[0.3-0.4)
926921525,2468479,0.8333333333333334,1,[0.8-0.9)
926921525,5624110,0.8333333333333334,1,[0.8-0.9)
926921525,12510,0.8333333333333334,1,[0.8-0.9)
926921525,5624124,0.8333333333333334,1,[0.8-0.9)
926921525,5624082,0.8333333333333334,1,[0.8-0.9)
926921525,509814,0.8333333333333334,1,[0.8-0.9)
926921525,3427481,0.8333333333333334,5,[0.8-0.9)
926921525,5624102,0.8333333333333334,1,[0.8-0.9)
926921525,380503,0.6666666666666667,1,[0.6-0.7)
926921525,5624040,0.8333333333333334,1,[0.8-0.9)
926921525,5624067,0.8333333333333334,1,[0.8-0.9)
926921525,564836,0.8333333333333334,1,[0.8-0.9)
926921525,5624112,0.8333333333333334,1,[0.8-0.9)
926921525,1147145,0.8333333333333334,1,[0.8-0.9)
926921525,3178979,0.8333333333333334,1,[0.8-0.9)
926921525,765803,0.8333333333333334,1,[0.8-0.9)
643081307,110214,0.8333333333333334,1,[0.8-0.9)
643081307,1618,0.6666666666666667,1,[0.6-0.7)
643081307,437673,0.6666666666666667,1,[0.6-0.7)
643081307,280414,0.8333333333333334,1,[0.8-0.9)
643081307,179431,0.8333333333333334,5,[0.8-0.9)
643081307,427636,0.8333333333333334,1,[0.8-0.9)
643081307,171611,0.6666666666666667,1,[0.6-0.7)
643081307,6328,0.8333333333333334,5,[0.8-0.9)
643081307,451213,0.8333333333333334,1,[0.8-0.9)
643081307,240414,0.8333333333333334,1,[0.8-0.9)
643081307,554062,0.8333333333333334,1,[0.8-0.9)
643081307,1639695,0.8333333333333334,1,[0.8-0.9)
643081307,454350,0.6666666666666667,1,[0.6-0.7)
643081307,554029,0.8333333333333334,1,[0.8-0.9)
643081307,2184,0.6666666666666667,1,[0.6-0.7)
643081307,241584,0.8333333333333334,1,[0.8-0.9)
643081307,35540,0.8333333333333334,5,[0.8-0.9)
643081307,183283,0.8333333333333334,1,[0.8-0.9)
643081307,44937,0.8571428571428572,1,[0.8-0.9)
719461410,179598,0.875,1,[0.8-0.9)
719461410,2815104,0.75,1,[0.7-0.8)
719461410,2688,0.875,1,[0.8-0.9)
719461410,67608,0.75,1,[0.7-0.8)
719461410,1945195,0.875,1,[0.8-0.9)
719461410,20595,0.875,1,[0.8-0.9)
719461410,201009,0.875,1,[0.8-0.9)
719461410,553844,0.875,1,[0.8-0.9)
719461410,4460053,0.75,1,[0.7-0.8)
719461410,15560,0.875,1,[0.8-0.9)
719461410,106845,0.875,1,[0.8-0.9)
719461410,4460090,0.75,1,[0.7-0.8)
432869494,53056,0.75,1,[0.7-0.8)
432869494,111348,0.875,1,[0.8-0.9)
432869494,94324,0.875,1,[0.8-0.9)
432869494,2153,0.75,1,[0.7-0.8)
432869494,3643,0.875,1,[0.8-0.9)
432869494,123,0.875,1,[0.8-0.9)
432869494,28819,0.875,1,[0.8-0.9)
432869494,9430,0.875,1,[0.8-0.9)
432869494,9026,0.875,1,[0.8-0.9)
432869494,1109644,0.75,1,[0.7-0.8)
774529075,15699,0.75,1,[0.7-0.8)
774529075,59712,0.75,1,[0.7-0.8)
774529075,230518,0.75,1,[0.7-0.8)
774529075,4134875,0.5,1,[0.4-0.5)
774529075,465992,0.75,1,[0.7-0.8)
774529075,652,0.5,1,[0.4-0.5)
774529075,696265,0.75,1,[0.7-0.8)
774529075,1950069,0.75,1,[0.7-0.8)
774529075,378154,0.75,1,[0.7-0.8)
774529075,656512,0.5,1,[0.4-0.5)
774529075,15711,0.75,1,[0.7-0.8)
774529075,982462,0.75,1,[0.7-0.8)
774529075,82617,0.75,1,[0.7-0.8)
85506911,240032,0.875,1,[0.8-0.9)
85506911,3340691,0.875,1,[0.8-0.9)
85506911,256408,0.75,1,[0.7-0.8)
85506911,1858,0.875,1,[0.8-0.9)
85506911,316130,0.875,1,[0.8-0.9)
85506911,11415,0.875,1,[0.8-0.9)
85506911,484814,0.875,5,[0.8-0.9)
85506911,152278,0.875,1,[0.8-0.9)
85506911,25888,0.875,1,[0.8-0.9)
85506911,2593718,0.875,5,[0.8-0.9)
85506911,3340642,0.875,1,[0.8-0.9)
85506911,1970521,0.75,1,[0.7-0.8)
85506911,506152,0.875,1,[0.8-0.9)
85506911,133874,0.75,1,[0.7-0.8)
85506911,315658,0.875,5,[0.8-0.9)
85506911,1224622,0.875,1,[0.8-0.9)
911703366,27897,0.8333333333333334,1,[0.8-0.9)
911703366,36825,0.6666666666666667,1,[0.6-0.7)
911703366,132955,0.6666666666666667,1,[0.6-0.7)
911703366,13987,0.8333333333333334,1,[0.8-0.9)
911703366,1834,0.8333333333333334,1,[0.8-0.9)
911703366,4848,0.6666666666666667,5,[0.6-0.7)
911703366,105413,0.6666666666666667,1,[0.6-0.7)
911703366,21495,0.8333333333333334,1,[0.8-0.9)
911703366,6291,0.8333333333333334,5,[0.8-0.9)
911703366,3193885,0.8333333333333334,1,[0.8-0.9)
911703366,3992868,0.8333333333333334,1,[0.8-0.9)
911703366,16456,0.6666666666666667,1,[0.6-0.7)
911703366,1926,0.8333333333333334,1,[0.8-0.9)
911703366,30614,0.6666666666666667,1,[0.6-0.7)
911703366,67064,0.8333333333333334,1,[0.8-0.9)
911703366,278610,0.6666666666666667,1,[0.6-0.7)
911703366,128374,0.8333333333333334,1,[0.8-0.9)
911703366,1869,0.6666666666666667,1,[0.6-0.7)
911703366,16445,0.8333333333333334,1,[0.8-0.9)
868285203,4033426,0.8,1,[0.7-0.8)
868285203,347484,0.8,1,[0.7-0.8)
868285203,488,0.8333333333333334,1,[0.8-0.9)
868285203,403763,0.8,1,[0.7-0.8)
868285203,5195,0.8,1,[0.7-0.8)
868285203,1010354,0.6,5,[0.5-0.6)
868285203,502970,0.8,1,[0.7-0.8)
868285203,77821,0.6,1,[0.5-0.6)
868285203,949745,0.8,5,[0.7-0.8)
868285203,69608,0.6,1,[0.5-0.6)
868285203,8573,0.6,1,[0.5-0.6)
868285203,8542,0.6,1,[0.5-0.6)
868285203,291630,0.6,1,[0.5-0.6)
868285203,2759626,0.8,1,[0.7-0.8)
868285203,9028,0.8,1,[0.7-0.8)
868285203,178915,0.8,1,[0.7-0.8)
868285203,574046,0.8,1,[0.7-0.8)
426230724,36456,0.8333333333333334,1,[0.8-0.9)
426230724,262968,0.8333333333333334,1,[0.8-0.9)
426230724,29106,0.8333333333333334,1,[0.8-0.9)
426230724,5067715,0.6666666666666667,1,[0.6-0.7)
426230724,402258,0.6666666666666667,1,[0.6-0.7)
426230724,1534337,0.6666666666666667,1,[0.6-0.7)
426230724,6513,0.6666666666666667,5,[0.6-0.7)
426230724,1390,0.8333333333333334,1,[0.8-0.9)
426230724,8620,0.8333333333333334,1,[0.8-0.9)
426230724,6432,0.8333333333333334,5,[0.8-0.9)
426230724,6431,0.8333333333333334,1,[0.8-0.9)
426230724,6436,0.8333333333333334,1,[0.8-0.9)
426230724,5067706,0.8333333333333334,1,[0.8-0.9)
426230724,12226,0.6666666666666667,1,[0.6-0.7)
426230724,131087,0.6666666666666667,1,[0.6-0.7)
426230724,2964690,0.6666666666666667,1,[0.6-0.7)
753631669,818685,0.8333333333333334,1,[0.8-0.9)
753631669,464908,0.6666666666666667,1,[0.6-0.7)
753631669,5452,0.8333333333333334,1,[0.8-0.9)
753631669,458014,0.8333333333333334,1,[0.8-0.9)
753631669,341611,0.8571428571428572,1,[0.8-0.9)
753631669,946942,0.8333333333333334,1,[0.8-0.9)
753631669,20015,0.8333333333333334,1,[0.8-0.9)
753631669,4893667,0.8333333333333334,1,[0.8-0.9)
753631669,3815605,0.5,1,[0.4-0.5)
753631669,53124,0.8333333333333334,1,[0.8-0.9)
753631669,4893697,0.8333333333333334,1,[0.8-0.9)
753631669,532839,0.8333333333333334,1,[0.8-0.9)
753631669,464890,0.8333333333333334,1,[0.8-0.9)
155341994,2172972,0.8333333333333334,1,[0.8-0.9)
155341994,179699,0.6666666666666667,1,[0.6-0.7)
155341994,218513,0.8333333333333334,1,[0.8-0.9)
155341994,1651463,0.8333333333333334,1,[0.8-0.9)
155341994,4082933,0.8333333333333334,1,[0.8-0.9)
155341994,88840,0.5,1,[0.4-0.5)
155341994,439199,0.8333333333333334,5,[0.8-0.9)
155341994,4082954,0.8333333333333334,1,[0.8-0.9)
155341994,1242277,0.8333333333333334,1,[0.8-0.9)
155341994,4082890,0.8333333333333334,5,[0.8-0.9)
155341994,88829,0.5,1,[0.4-0.5)
155341994,643526,0.8333333333333334,1,[0.8-0.9)
155341994,518248,0.8333333333333334,1,[0.8-0.9)
155341994,4082979,0.8333333333333334,1,[0.8-0.9)
155341994,457856,0.8333333333333334,5,[0.8-0.9)
155341994,709721,0.8333333333333334,1,[0.8-0.9)
304293559,48092,0.8888888888888888,1,[0.8-0.9)
304293559,416709,0.7777777777777778,1,[0.7-0.8)
304293559,179458,0.7777777777777778,1,[0.7-0.8)
304293559,2415656,0.7777777777777778,1,[0.7-0.8)
304293559,4776,0.8888888888888888,1,[0.8-0.9)
304293559,187248,0.7777777777777778,5,[0.7-0.8)
304293559,6536,0.7777777777777778,1,[0.7-0.8)
304293559,487007,0.8888888888888888,1,[0.8-0.9)
304293559,157408,0.7777777777777778,5,[0.7-0.8)
304293559,240045,0.7777777777777778,1,[0.7-0.8)
304293559,94000,0.8888888888888888,1,[0.8-0.9)
304293559,22270,0.8888888888888888,1,[0.8-0.9)
304293559,111672,0.8888888888888888,1,[0.8-0.9)
304293559,828030,0.8888888888888888,1,[0.8-0.9)
304293559,3179,0.8888888888888888,1,[0.8-0.9)
304293559,258685,0.7777777777777778,1,[0.7-0.8)
304293559,343143,0.7777777777777778,1,[0.7-0.8)
875144246,30170,0.8571428571428572,1,[0.8-0.9)
875144246,34855,0.8571428571428572,1,[0.8-0.9)
875144246,3672676,0.8571428571428572,1,[0.8-0.9)
875144246,111672,0.8571428571428572,1,[0.8-0.9)
875144246,409764,0.8571428571428572,1,[0.8-0.9)
875144246,154972,0.7142857142857143,1,[0.7-0.8)
875144246,2676716,0.8571428571428572,1,[0.8-0.9)
875144246,1252181,0.7142857142857143,1,[0.7-0.8)
875144246,383754,0.7142857142857143,1,[0.7-0.8)
875144246,106814,0.8571428571428572,1,[0.8-0.9)
875144246,416709,0.7142857142857143,1,[0.7-0.8)
875144246,92352,0.8571428571428572,1,[0.8-0.9)
875144246,234571,0.8571428571428572,5,[0.8-0.9)
875144246,2133,0.8571428571428572,1,[0.8-0.9)
875144246,4372,0.7142857142857143,1,[0.7-0.8)
875144246,419282,0.8571428571428572,1,[0.8-0.9)
875144246,184288,0.8571428571428572,1,[0.8-0.9)
875144246,857,0.7142857142857143,1,[0.7-0.8)
875144246,2974835,0.7142857142857143,1,[0.7-0.8)
875144246,3289542,0.8571428571428572,1,[0.8-0.9)
875144246,780815,0.8571428571428572,5,[0.8-0.9)
875144246,14579,0.8571428571428572,1,[0.8-0.9)
875144246,20890,0.7142857142857143,1,[0.7-0.8)
875144246,260789,0.8571428571428572,1,[0.8-0.9)
875144246,522444,0.8571428571428572,1,[0.8-0.9)
875144246,127761,0.8571428571428572,1,[0.8-0.9)
875144246,326673,0.8571428571428572,1,[0.8-0.9)
875144246,1014938,0.8571428571428572,1,[0.8-0.9)
875144246,478730,0.8571428571428572,1,[0.8-0.9)
875144246,71088,0.8571428571428572,1,[0.8-0.9)
875144246,382412,0.8571428571428572,1,[0.8-0.9)
875144246,897377,0.8571428571428572,1,[0.8-0.9)
875144246,234571,0.8571428571428572,5,[0.8-0.9)
875144246,3672625,0.8571428571428572,1,[0.8-0.9)
875144246,2676716,0.8571428571428572,1,[0.8-0.9)
875144246,10183,0.8571428571428572,5,[0.8-0.9)
875144246,1278127,0.8571428571428572,1,[0.8-0.9)
875144246,295468,0.8571428571428572,1,[0.8-0.9)
875144246,127761,0.8571428571428572,1,[0.8-0.9)
839589167,771180,0.6666666666666667,1,[0.6-0.7)
839589167,2479045,0.8333333333333334,1,[0.8-0.9)
839589167,3326621,0.8333333333333334,1,[0.8-0.9)
839589167,3233414,0.8333333333333334,1,[0.8-0.9)
839589167,2903,0.6666666666666667,5,[0.6-0.7)
839589167,564229,0.6666666666666667,1,[0.6-0.7)
839589167,1145157,0.8333333333333334,1,[0.8-0.9)
839589167,46850,0.8333333333333334,5,[0.8-0.9)
839589167,1561989,0.8333333333333334,1,[0.8-0.9)
839589167,1249200,0.8333333333333334,1,[0.8-0.9)
839589167,2492440,0.8333333333333334,1,[0.8-0.9)
839589167,243995,0.8333333333333334,1,[0.8-0.9)
839589167,2479025,0.8333333333333334,1,[0.8-0.9)
839589167,321520,0.8333333333333334,1,[0.8-0.9)
839589167,3326604,0.8333333333333334,1,[0.8-0.9)
839589167,3326645,0.8333333333333334,1,[0.8-0.9)
839589167,47166,0.6666666666666667,1,[0.6-0.7)
839589167,3326598,0.8333333333333334,1,[0.8-0.9)
839589167,1709176,0.8333333333333334,1,[0.8-0.9)
839589167,1107483,0.6666666666666667,1,[0.6-0.7)
83321609,661002,0.8333333333333334,1,[0.8-0.9)
83321609,2634805,0.8333333333333334,1,[0.8-0.9)
83321609,46388,0.8333333333333334,1,[0.8-0.9)
83321609,3709650,0.8333333333333334,1,[0.8-0.9)
83321609,1095332,0.8333333333333334,1,[0.8-0.9)
83321609,169550,0.8333333333333334,5,[0.8-0.9)
83321609,3322324,0.6666666666666667,1,[0.6-0.7)
83321609,856596,0.8333333333333334,1,[0.8-0.9)
83321609,1095343,0.8333333333333334,5,[0.8-0.9)
83321609,383326,0.6666666666666667,1,[0.6-0.7)
83321609,942471,0.8333333333333334,1,[0.8-0.9)
83321609,345167,0.6666666666666667,1,[0.6-0.7)
83321609,943969,0.8333333333333334,1,[0.8-0.9)
83321609,74699,0.6666666666666667,1,[0.6-0.7)
83321609,3709677,0.8333333333333334,1,[0.8-0.9)
83321609,361693,0.6666666666666667,1,[0.6-0.7)
83321609,4574,0.8333333333333334,1,[0.8-0.9)
83321609,1289649,0.8333333333333334,1,[0.8-0.9)
536869497,293284,0.875,1,[0.8-0.9)
536869497,598076,0.875,1,[0.8-0.9)
536869497,514266,0.75,1,[0.7-0.8)
536869497,3069342,0.875,1,[0.8-0.9)
536869497,2751209,0.75,1,[0.7-0.8)
536869497,1068366,0.875,1,[0.8-0.9)
536869497,143384,0.875,1,[0.8-0.9)
536869497,162252,0.875,1,[0.8-0.9)
536869497,3494378,0.75,1,[0.7-0.8)
536869497,476563,0.875,1,[0.8-0.9)
536869497,10170,0.75,5,[0.7-0.8)
536869497,1428188,0.875,1,[0.8-0.9)
536869497,1393794,0.875,1,[0.8-0.9)
536869497,9429,0.875,1,[0.8-0.9)
536869497,3951,0.875,1,[0.8-0.9)
536869497,1098284,0.75,1,[0.7-0.8)
536869497,20890,0.75,5,[0.7-0.8)
536869497,13289,0.875,1,[0.8-0.9)
536869497,336571,0.75,1,[0.7-0.8)
536869497,233755,0.875,1,[0.8-0.9)
536869497,95529,0.75,1,[0.7-0.8)
536869497,3684319,0.875,1,[0.8-0.9)
536869497,1876971,0.875,1,[0.8-0.9)
536869497,216646,0.875,1,[0.8-0.9)
536869497,996679,0.75,1,[0.7-0.8)
536869497,1170975,0.875,1,[0.8-0.9)
536869497,3422,0.75,1,[0.7-0.8)
536869497,432525,0.75,1,[0.7-0.8)
536869497,10170,0.75,5,[0.7-0.8)
536869497,1111685,0.875,1,[0.8-0.9)
536869497,2751209,0.75,1,[0.7-0.8)
536869497,186131,0.875,5,[0.8-0.9)
536869497,54697,0.875,1,[0.8-0.9)
536869497,3684319,0.875,1,[0.8-0.9)
777207860,1654,0.7777777777777778,1,[0.7-0.8)
777207860,15417,0.7777777777777778,1,[0.7-0.8)
777207860,1643,0.7777777777777778,1,[0.7-0.8)
777207860,2161,0.8888888888888888,1,[0.8-0.9)
777207860,1166,0.8888888888888888,1,[0.8-0.9)
777207860,1659,0.8888888888888888,1,[0.8-0.9)
777207860,4757,0.8888888888888888,5,[0.8-0.9)
777207860,2744,0.7777777777777778,1,[0.7-0.8)
777207860,822,0.8888888888888888,1,[0.8-0.9)
777207860,765,0.8888888888888888,1,[0.8-0.9)
777207860,2456,0.8888888888888888,1,[0.8-0.9)
777207860,1646,0.8888888888888888,1,[0.8-0.9)
777207860,6373,0.8888888888888888,1,[0.8-0.9)
777207860,4767,0.8888888888888888,1,[0.8-0.9)
777207860,24139,0.8888888888888888,1,[0.8-0.9)
777207860,18702,0.7777777777777778,1,[0.7-0.8)
777207860,8970,0.7777777777777778,1,[0.7-0.8)
777207860,4754,0.7777777777777778,1,[0.7-0.8)
777207860,32542,0.7777777777777778,1,[0.7-0.8)
777207860,7420,0.7777777777777778,1,[0.7-0.8)
777207860,1934,0.8888888888888888,5,[0.8-0.9)
777207860,1977,0.8888888888888888,1,[0.8-0.9)
777207860,24110,0.8888888888888888,1,[0.8-0.9)
777207860,5951,0.7777777777777778,1,[0.7-0.8)
777207860,136486,0.8888888888888888,1,[0.8-0.9)
777207860,24151,0.7777777777777778,5,[0.7-0.8)
777207860,40669,0.6666666666666667,5,[0.6-0.7)
777207860,171864,0.7777777777777778,1,[0.7-0.8)
777207860,4824,0.8888888888888888,1,[0.8-0.9)
777207860,15413,0.7777777777777778,1,[0.7-0.8)
777207860,2055,0.8888888888888888,1,[0.8-0.9)
777207860,771,0.7777777777777778,1,[0.7-0.8)
777207860,171864,0.7777777777777778,1,[0.7-0.8)
777207860,1643,0.7777777777777778,1,[0.7-0.8)
777207860,15423,0.7777777777777778,5,[0.7-0.8)
777207860,20630,0.7777777777777778,1,[0.7-0.8)
777207860,822,0.8888888888888888,1,[0.8-0.9)
777207860,4577,0.7777777777777778,1,[0.7-0.8)
777207860,95383,0.7777777777777778,5,[0.7-0.8)
553480712,69791,0.8,1,[0.7-0.8)
553480712,48240,0.75,1,[0.7-0.8)
553480712,133938,0.75,1,[0.7-0.8)
553480712,3188,0.75,1,[0.7-0.8)
553480712,4640606,0.75,1,[0.7-0.8)
553480712,4651,0.75,5,[0.7-0.8)
553480712,4640632,0.75,1,[0.7-0.8)
553480712,15123,0.75,1,[0.7-0.8)
553480712,8093,0.75,5,[0.7-0.8)
553480712,1236346,0.75,1,[0.7-0.8)
553480712,270180,0.75,1,[0.7-0.8)
553480712,34759,0.75,1,[0.7-0.8)
553480712,1473016,0.75,1,[0.7-0.8)
553480712,316120,0.75,1,[0.7-0.8)
553480712,8006,0.75,1,[0.7-0.8)
553480712,4640657,0.75,1,[0.7-0.8)
553480712,1793385,0.75,5,[0.7-0.8)
553480712,43716,0.75,1,[0.7-0.8)
772630970,5097663,0.875,1,[0.8-0.9)
772630970,5097649,0.875,1,[0.8-0.9)
772630970,5097655,0.875,1,[0.8-0.9)
772630970,118811,0.875,1,[0.8-0.9)
772630970,123773,0.75,1,[0.7-0.8)
772630970,46666,0.875,5,[0.8-0.9)
772630970,3092489,0.875,1,[0.8-0.9)
772630970,403499,0.875,1,[0.8-0.9)
772630970,212126,0.75,5,[0.7-0.8)
772630970,4559331,0.75,1,[0.7-0.8)
772630970,252231,0.875,1,[0.8-0.9)
772630970,5097650,0.875,1,[0.8-0.9)
772630970,1303959,0.875,1,[0.8-0.9)
772630970,29910,0.875,1,[0.8-0.9)
772630970,5097638,0.875,1,[0.8-0.9)
611384941,18828,0.8,1,[0.7-0.8)
611384941,645,0.8,1,[0.7-0.8)
611384941,910944,0.8,1,[0.7-0.8)
611384941,23248,0.8,1,[0.7-0.8)
611384941,4077,0.8,1,[0.7-0.8)
611384941,126461,0.9,5,[0.8-0.9)
611384941,408375,0.9,5,[0.8-0.9)
611384941,910913,0.8,1,[0.7-0.8)
611384941,35086,0.9,5,[0.8-0.9)
611384941,910920,0.9,1,[0.8-0.9)
611384941,23248,0.8,1,[0.7-0.8)
611384941,910939,0.9,1,[0.8-0.9)
611384941,910955,0.8,1,[0.7-0.8)
611384941,338944,0.8,1,[0.7-0.8)
611384941,127040,0.9,1,[0.8-0.9)
611384941,910933,0.8,1,[0.7-0.8)
611384941,910897,0.8,1,[0.7-0.8)
611384941,760371,0.8,5,[0.7-0.8)
811266266,1754288,0.6,1,[0.5-0.6)
811266266,4344,0.6,1,[0.5-0.6)
811266266,1754280,0.6,1,[0.5-0.6)
811266266,702916,0.6,1,[0.5-0.6)
811266266,963107,0.8,1,[0.7-0.8)
811266266,1754267,0.6,1,[0.5-0.6)
811266266,1754220,0.6,5,[0.5-0.6)
811266266,1754263,0.6,1,[0.5-0.6)
811266266,1754309,0.8,1,[0.7-0.8)
811266266,1299581,0.8,1,[0.7-0.8)
811266266,388547,0.6,1,[0.5-0.6)
811266266,388510,0.8,1,[0.7-0.8)
811266266,1754234,0.6,1,[0.5-0.6)
811266266,1754270,0.6,1,[0.5-0.6)
811266266,4372,0.6,1,[0.5-0.6)
811266266,694483,0.4,1,[0.3-0.4)
811266266,720768,0.6,1,[0.5-0.6)
811266266,720821,0.8,1,[0.7-0.8)
811266266,1754270,0.6,1,[0.5-0.6)
811266266,1754306,0.8,1,[0.7-0.8)
811266266,1754214,0.8,5,[0.7-0.8)
811266266,1754265,0.6,1,[0.5-0.6)
811266266,1754262,0.6,1,[0.5-0.6)
811266266,388490,0.8,1,[0.7-0.8)
811266266,1754264,0.6,1,[0.5-0.6)
811266266,1754216,0.6,5,[0.5-0.6)
811266266,1754312,0.4,1,[0.3-0.4)
811266266,398660,0.6,1,[0.5-0.6)
811266266,716956,0.4,1,[0.3-0.4)
811266266,1754287,0.4,1,[0.3-0.4)
811266266,1754234,0.6,1,[0.5-0.6)
811266266,1754312,0.4,1,[0.3-0.4)
811266266,720827,0.6,1,[0.5-0.6)
811266266,388510,0.8,1,[0.7-0.8)
811266266,117583,0.6,1,[0.5-0.6)
811266266,1754219,0.6,5,[0.5-0.6)
811266266,720784,0.6,1,[0.5-0.6)
811266266,694483,0.4,1,[0.3-0.4)
811266266,952521,0.6,1,[0.5-0.6)
811266266,1553927,0.6,5,[0.5-0.6)
523275877,494191,0.8571428571428572,1,[0.8-0.9)
523275877,13247,0.8571428571428572,1,[0.8-0.9)
523275877,2465261,0.8571428571428572,1,[0.8-0.9)
523275877,7700,0.8571428571428572,1,[0.8-0.9)
523275877,96642,0.8571428571428572,1,[0.8-0.9)
523275877,13260,0.7142857142857143,5,[0.7-0.8)
523275877,29159,0.8571428571428572,1,[0.8-0.9)
523275877,69698,0.8571428571428572,5,[0.8-0.9)
523275877,37238,0.8571428571428572,5,[0.8-0.9)
523275877,468093,0.8571428571428572,1,[0.8-0.9)
523275877,1259077,0.8571428571428572,1,[0.8-0.9)
523275877,703934,0.8571428571428572,5,[0.8-0.9)
523275877,1356,0.8571428571428572,1,[0.8-0.9)
523275877,95558,0.8571428571428572,1,[0.8-0.9)
523275877,468084,0.8571428571428572,5,[0.8-0.9)
523275877,103412,0.8571428571428572,1,[0.8-0.9)
